Sample,,,,,,,Metal_A  [ He ] ,,,Metal_B  [ He ] ,,,Metal_C  [ He ] ,,,Metal_D  [ He ] ,,,Metal_E  [ He ] ,,,Metal_F [ He ] ,,,Metal_G  [ He ] ,,,Metal_H [ He ] ,,,Metal_I  [ He ] ,,,Metal_J  [ He ] ,,
,Rjct,Data File,Acq. Date-Time,Type,Level,Sample Name,Conc. [ ppb ],CPS,CPS RSD,Conc. [ ppb ],CPS,CPS RSD,Conc. [ ppb ],CPS,CPS RSD,Conc. [ ppb ],CPS,CPS RSD,Conc. [ ppb ],CPS,CPS RSD,Conc. [ ppb ],CPS,CPS RSD,Conc. [ ppb ],CPS,CPS RSD,Conc. [ ppb ],CPS,CPS RSD,Conc. [ ppb ],CPS,CPS RSD,Conc. [ ppb ],CPS,CPS RSD
,FALSE,0.d,2022/11/4 11:56,CalStd,1,0,0,1332.306667,3.646884553,0,7440.636667,3.263240205,0,315.5666667,11.39364621,0,4512.916667,9.375720511,0,1207.853333,8.824747568,0,82.22333333,25.74869385,0,16.66666667,20.0100075,0,34.44333333,14.78403606,0,365.57,7.370889895,0,613.36,8.006047795
,FALSE,1.d,2022/11/4 11:59,CalStd,2,1,1.406054792,2631.366667,8.807171398,1.016432052,67332.22667,0.389027184,1.191324328,18829.39333,1.464028043,1.060966394,47291.57667,1.595887051,2.066202824,17030.87,1.862857192,0.51161054,25582.19,2.98465059,1.073045943,9323.906667,2.056734971,0.570047657,2902.04,2.251911978,1.074969944,61791.01333,1.894838075,1.113587073,45058.3,2.095568037
,FALSE,2.5.d,2022/11/4 12:03,CalStd,3,2.5,4.343610275,5345.386667,5.316728182,2.620749469,161863.9967,0.669506519,2.723153493,42634.85,1.275062024,2.630798511,110587.94,1.972200002,3.477462395,27838.32,1.754906785,1.694676482,84549.19667,2.343945355,2.662821608,23113.08667,1.427287691,2.082525106,10510.48333,1.56327654,2.683939218,153730.0033,0.48372969,2.677877815,107491.5033,0.08509596
,FALSE,5.d,2022/11/4 12:06,CalStd,4,5,5.653540387,6555.636667,9.451448391,5.11599076,308891.9933,1.517648648,5.097923616,79540.06667,0.904498229,5.10968079,210537.63,0.526052959,5.802548596,45643.87,3.206054771,3.999670695,199435.9533,3.852611154,5.094476012,44204.44,0.548051296,4.67739131,23563.83,1.363461793,5.157904706,295096.2133,1.943219147,5.160626532,206581.75,2.333406358
,FALSE,10.d,2022/11/4 12:09,CalStd,5,7.5,9.975777595,10548.97,2.102831678,7.665015758,459089.1067,0.320389285,7.609375366,118569.39,2.101464317,7.731619532,316255.4233,1.188485873,8.379562498,65378.68667,0.5269272,6.68779449,333418.86,2.384318371,7.737409446,67128.35667,0.749326595,7.135558698,35929.52,1.38787608,7.598274964,434542.74,0.2745311,7.722203556,308818.1533,1.419027245
,FALSE,15.d,2022/11/4 12:12,CalStd,6,10,33.61802908,32392.14667,9.065069435,10.30722548,614776.9767,0.735106265,10.25467444,159678.7733,1.024404695,10.61263646,432419.37,0.903429247,11.88582565,92229.71,0.607270645,9.357058625,466461.7533,2.169489356,10.31913345,89521.36333,0.563761176,9.508299016,47865.47333,1.977559241,10.25066638,586104.4833,0.706154754,11.33862002,453154.79,0.755084701
,FALSE,20.d,2022/11/4 12:15,CalStd,7,20,20.19641462,19991.86,2.462458468,20.72887926,1228855.817,0.444680729,20.31475271,316017.85,1.467977923,20.5669749,833782.94,0.961103102,20.04566156,154717.8733,0.358122268,19.98871719,996370.5767,2.559285654,20.37018989,176700.85,0.659791262,20.53685013,103344.0567,0.767669622,20.66244788,1181049.763,2.170344201,20.22152346,807684.8667,1.368850112
,FALSE,30.d,2022/11/4 12:18,CalStd,8,30,29.69004268,28763.06333,1.190402182,29.98925147,1774508.047,2.010291304,29.82197835,463765.2967,0.850255369,30.40179372,1230327.423,0.917666035,29.91920478,230329.6367,1.116130005,29.5616827,1473511.453,2.418209177,30.16564193,261663.31,0.51976318,0.423463046,2164.653333,2.090937336,30.33384974,1733688.607,1.434715078,30.52466203,1218898.67,1.723524795
,FALSE,40.d,2022/11/4 12:21,CalStd,9,40,39.58242058,37902.67333,1.387411788,40.40524649,2388253.453,2.657177619,39.90351769,620437.89,0.321794949,39.13328355,1582385.167,0.385044672,39.55784385,304142.5,0.877488575,40.12231077,1999879.937,4.390558693,39.83694958,345548.9833,1.103157125,0.253364306,1308.98,3.814320322,39.63720385,2265296.633,3.484619043,39.27170148,1568006.21,1.536625995
,FALSE,50.d,2022/11/4 12:25,CalStd,10,50,49.90444979,47439.24,3.001844815,49.28653757,2911568.95,1.351821971,49.96598005,776814.0167,0.79745198,50.04950942,2022532.487,0.897950319,49.72438589,381998.0533,0.326160496,50.57014088,2520626.283,2.424130024,49.76449151,431657.1467,1.466919781,0.167212981,875.6,2.701532066,49.73358657,2842219.54,2.103266299,49.85094939,1990239.953,2.14437218
,FALSE,blk1.d,2022/11/4 12:27,Sample,,wash1,0.208066294,1524.54,3.289361646,<0.000,1756.8,7.54064105,0.008079512,441.1266667,3.053449904,<0.000,1905.7,2.928862754,0.023651466,1388.976667,3.258545743,0.368168534,18432.67667,2.641083757,0.001665578,31.11333333,89.86189631,0.033354201,202.23,12.8032499,0.003539165,567.8033333,15.42569071,<0.000,594.47,8.943614078
,FALSE,blk2.d,2022/11/4 12:30,Sample,,wash2,0.067355464,1394.536667,1.810795876,<0.000,1520.096667,3.880322359,0.00629193,413.3466667,6.60166618,<0.000,1889.04,4.416743489,0.031487263,1448.983333,4.391058062,0.150155081,7566.333333,2.241210128,<0.000,11.11,17.30491806,0.032912889,200.01,4.999750012,<0.000,263.3433333,4.563464746,<0.000,538.91,6.317959304
,FALSE,blk3.d,2022/11/4 12:33,Sample,,wash3,0.097419907,1422.313333,4.788214105,<0.000,1526.766667,4.738822783,0.006649489,418.9033333,5.644664421,<0.000,1837.913333,5.508726204,0.02118477,1370.086667,2.575237354,0.092239154,4679.656667,2.378595829,0.000255947,18.88666667,26.96142686,0.028494464,177.7833333,7.097753341,<0.000,227.7866667,30.00256489,<0.000,504.4666667,1.375225136
,FALSE,sample1.d,2022/11/4 12:36,Sample,,wash4,0.138311591,1460.093333,7.527823535,<0.000,1517.886667,3.838131957,0.006292144,413.35,7.693424183,<0.000,1777.92,4.685094776,0.039903715,1513.436667,7.411288455,0.063474499,3245.953333,4.340147896,3.84305E-07,16.67,103.902268,0.02275144,148.8933333,10.57947372,<0.000,166.67,5.291775116,<0.000,438.91,4.183131499
,FALSE,sample2.d,2022/11/4 12:39,Sample,,Blank control_Batch2021,0.515976988,1809.02,1.047632922,<0.000,3293.72,2.197033443,0.0375388,898.94,9.333050993,<0.000,3826.06,3.24220542,0.08967552,1894.59,1.634938374,0.23232907,11662.09333,1.577677207,0.000384305,20,33.35,1.457502257,7366.336667,6.361549444,0.186218218,11006.36667,8.432029538,0.135637736,6026.866667,0.978127391
,FALSE,sample3.d,2022/11/4 12:42,Sample,,47-1_inksac,27.56354553,20386.02439,1.319009938,0.039366487,2216.695744,6.388239622,1.653327864,15111.87419,2.704500883,32.48863327,1150445.276,2.20677872,30.10862993,187917.2151,0.962351973,0.042220879,1898.649631,4.919261072,8.298479265,101941.2355,1.542777452,0.020633386,309.5588876,9.753725515,0.001617738,383.5381445,5.679260393,0.209770487,4625.858122,2.592097301
,FALSE,sample4.d,2022/11/4 12:46,Sample,,47-2_inksac,13.4025345,17561.18695,5.492174491,0.038097088,3287.218535,2.464449486,1.037292182,34225.36322,2.793661772,37.23487273,1144387.814,0.988678911,30.16759478,59956.07636,1.064061519,0.029623394,2362.74938,3.328521427,6.245608137,45221.77361,0.571272795,0.017291775,197.2358812,23.67016545,0.001058077,432.0117633,16.06363243,0.189913636,7549.528428,4.491645119
,FALSE,sample5.d,2022/11/4 12:49,Sample,,47-3_inksac,10.64235196,6792.848917,5.974677941,0.034185299,4563.455869,6.80511953,2.624759753,30964.72004,7.168216318,40.31389248,1407991.135,0.788116725,21.86729259,201435.3006,1.761474175,0.055987499,1635.975291,4.013787424,9.401802049,84308.69522,4.659965895,0.019166755,181.78271,4.198606585,0.001276687,404.9231175,12.31119894,0.139372386,10912.47206,4.975919932
,FALSE,sample6.d,2022/11/4 12:53,Sample,,47-4_inksac,15.89191967,23907.29049,4.960772923,0.050472362,3428.651646,5.904183119,0.848583233,3218.910433,5.921327205,41.55453967,1460661.096,1.030073156,14.23777502,187734.8075,1.427438441,0.061579729,2297.083633,3.282849587,5.184087589,97137.43783,3.300407041,0.01493614,169.6323277,5.090221192,0.001797998,391.2992375,9.044623448,0.208473572,9534.268637,2.942147817
,FALSE,sample7.d,2022/11/4 12:56,Sample,,47-5_inksac,5.530228743,27298.45098,4.350031995,0.010948384,2168.91758,5.590399169,0.845829389,30213.62241,4.479284818,51.43559549,1445376.425,0.416682998,20.98114172,154817.4672,2.40591172,0.028216003,2554.543124,9.046309459,9.610987068,50319.45424,1.352654325,0.016059078,181.6236896,9.669516264,0.001035978,399.6643499,19.3094643,0.206391689,9149.862694,1.130421444
,FALSE,sample8.d,2022/11/4 12:59,Sample,,47-6_inksac,28.1151642,16019.61602,4.969164089,0.031567334,3847.526089,1.490009055,2.69617829,5557.262033,6.709879965,23.25158775,754023.9949,0.945579254,20.88817097,60632.22522,1.65945828,0.022231134,2501.096679,7.78870506,4.882723428,77233.3958,3.450086724,0.015606527,198.6529653,5.359415117,0.000629309,371.34459,15.81952548,0.202211362,9188.945438,4.537928781
,FALSE,sample9.d,2022/11/4 13:02,Sample,,47-7_inksac,18.26975797,23652.26719,3.234906779,0.029263621,2972.727849,2.651582911,0.237266067,4183.920456,4.417709953,22.09970665,874513.7523,0.702525016,29.12523552,147389.7895,0.857874007,0.050112196,1235.810179,8.82857656,9.808153594,86206.93919,2.583892579,0.018501749,167.2607105,2.64145294,0.001823421,393.7215338,12.76873405,0.045747527,9850.877162,4.485785999
,FALSE,sample10.d,2022/11/4 13:06,Sample,,47-8_inksac,20.26202293,6097.842691,2.9153232,0.006755899,1304.171669,5.733749645,2.365327436,23651.98196,4.872225072,50.82835359,628404.4181,1.670447709,16.67425142,179776.0546,1.974291977,0.021650324,2954.870433,7.016819199,6.234592353,101514.1109,1.935102169,0.021741695,245.9355739,4.456188351,0.001459318,338.5059115,3.848583263,0.050523476,5738.169355,4.243225685
,FALSE,sample11.d,2022/11/4 13:09,Sample,,47-9_inksac,5.265874423,3754.490274,4.667908134,0.049605744,1684.011098,8.449132647,2.648291401,25068.89774,3.156891918,46.67168595,1514304.185,1.894751279,16.93311136,190136.5491,0.998370612,0.034347907,3209.493353,11.22738284,9.68057437,88995.39916,2.655660567,0.010612336,143.4150724,23.43855818,0.001699724,400.9278767,9.416346374,0.137712139,4294.631583,1.094270547
,FALSE,sample12.d,2022/11/4 13:12,Sample,,47-10_inksac,32.21598865,13895.52297,4.874479954,0.006053521,4038.738922,2.270038891,2.048939336,4653.113994,3.846417082,52.27440553,1084924.018,0.915355949,22.92703586,185848.9743,0.940903719,0.022760184,3319.313157,10.97213917,8.926282243,51603.57313,4.667776549,0.016446734,209.7173687,3.445875132,0.0011982,406.0081549,4.120221027,0.081115979,7196.04942,2.688323762
,FALSE,sample13.d,2022/11/4 13:16,Sample,,47-11_inksac,24.50149556,25561.76422,3.26583063,0.045225253,2524.829992,7.53715615,2.366595925,21571.65018,7.692730897,42.77326442,1703519.035,0.7237636,9.485839552,181675.5216,1.756241576,0.054014571,1550.519901,9.443867372,8.094689427,56623.40109,2.815774142,0.010095559,233.3980277,4.313215347,0.001234827,380.6224968,9.324392877,0.247109361,5678.353842,0.62014163
,FALSE,sample14.d,2022/11/4 13:19,Sample,,47-12_inksac,23.99385605,18088.67684,3.258164962,0.03180874,4775.96695,1.766516172,2.491993213,13512.24944,6.398928179,25.31131048,1704989.426,2.020096478,20.83944597,157749.4632,0.820676424,0.031897994,1637.468466,1.794700366,4.789377596,99656.93126,1.055899685,0.021098353,258.538229,22.08919136,0.000284722,427.7906379,14.78506892,0.116099938,6212.733909,0.47111039
,FALSE,sample15.d,2022/11/4 13:22,Sample,,47-13_inksac,29.88628043,21426.70174,0.688695953,0.002436429,3344.42286,6.220674344,2.776016304,6833.406097,6.543825831,37.82661674,703945.3389,0.685143924,9.560244,81350.94255,1.937882706,0.067203196,2593.273069,10.57618205,12.57702798,100970.0118,3.872708576,0.012200579,272.8541816,5.939801201,0.001671854,393.2998847,16.15446813,0.078135173,8410.04196,4.366037485
,FALSE,sample16.d,2022/11/4 13:26,Sample,,47-14_inksac,5.703303532,28189.50451,5.227889479,0.014270859,1860.493759,3.950294814,1.647762258,21280.93575,4.71097332,23.12701252,818610.15,1.035592643,20.46791812,189742.272,2.216037986,0.029393342,1420.669285,10.03664821,6.821757452,61801.40045,3.26990155,0.019097349,147.6645525,9.021112794,0.00058043,429.9500174,2.211691748,0.108076572,6843.305213,5.026634636
,FALSE,sample17.d,2022/11/4 13:29,Sample,,47-15_inksac,10.93535846,26336.63114,4.52771347,0.039610314,5070.928651,5.166810802,2.727790893,34217.81184,6.166060719,16.68593539,1449914.173,1.72774558,30.0137688,135443.9847,0.518963001,0.030444357,2248.689311,8.163219108,9.530004094,98973.65297,1.142648311,0.018710236,209.2099604,15.54993265,0.001545813,429.52165,10.4487901,0.123904689,6457.556136,3.103305563
,FALSE,sample18.d,2022/11/4 13:32,Sample,,49-2_inksac,33.76529162,13101.86861,2.424971993,0.037551561,3153.593458,9.931582464,1.363632862,10691.38906,5.523234996,24.43676439,1367566.782,1.000840084,15.67001262,121363.2972,2.310559497,0.063889073,2824.134271,3.68011595,9.930668256,66760.86487,1.808736209,0.01333982,247.8864739,4.855232546,0.00154632,339.1666516,17.98571762,0.212048804,9752.666097,1.539452904
,FALSE,sample19.d,2022/11/4 13:36,Sample,,49-3_inksac,31.05369725,4369.356183,1.432192106,0.018298584,3832.719751,2.758085263,0.479052441,3724.232652,5.437463782,29.94486228,1482289.79,1.24679533,20.54514162,113585.3127,0.733371114,0.025205206,1718.310215,3.302370676,6.013750132,50710.28129,3.26736427,0.017238444,260.2328602,21.47288438,0.001875907,340.2841016,16.4467574,0.052509883,11727.44911,1.138464182
,FALSE,sample20.d,2022/11/4 13:41,Sample,,49-4_inksac,18.17572834,23109.8971,4.869785832,0.01627135,1837.832741,7.128122146,0.987815057,11523.49268,7.148093438,38.30005535,902220.8441,0.43591923,25.02144786,59365.68635,2.035032046,0.041024719,3315.664202,5.774078439,6.64121969,58457.96611,2.645463373,0.018222638,220.2457827,20.5309601,0.001465898,367.9108096,12.26248512,0.078336061,11707.40734,4.124033614
,FALSE,sample21.d,2022/11/4 13:48,Sample,,49-5_inksac,9.063223941,20677.43757,4.23752212,0.021949073,4758.178524,7.407692966,1.542936019,7571.278382,4.698079489,31.81485313,1745272.451,1.096545182,25.2473926,182679.7069,2.210774901,0.062494983,2013.866316,13.67006818,5.013207734,99251.67232,4.038248162,0.010571854,310.4661947,23.0019334,0.00079951,405.9153316,4.947826463,0.088509736,4892.936816,4.637231492
,FALSE,sample22.d,2022/11/4 13:51,Sample,,49-6_inksac,8.460684103,18733.07247,5.419386597,0.023531206,5062.957773,10.00899565,0.888362362,28910.71097,7.570440066,24.30133203,968178.9016,2.123621733,24.40915595,160322.3413,1.053009346,0.066137262,1867.912606,8.635061756,12.55192245,70273.63082,4.418947097,0.019513518,276.6974541,8.699467138,0.001508805,466.9305476,7.678869486,0.081402538,8122.099761,1.71911318
,FALSE,sample23.d,2022/11/4 13:55,Sample,,49-7_inksac,35.63502964,17930.14742,1.275273254,0.006531816,2599.154257,8.659259043,1.479461932,7563.541409,5.244506749,48.35324317,1431763.449,0.915565056,23.84098325,84148.663,1.227372382,0.037019551,3288.134062,5.618727723,11.38084096,40621.45569,0.502787035,0.010877288,281.4314813,12.30081104,0.001111466,377.767321,6.458041694,0.19422494,7839.038427,4.33330745
,FALSE,sample24.d,2022/11/4 13:59,Sample,,49-8_inksac,32.35141643,18102.47815,5.52669759,0.05087502,2778.310948,3.944914366,0.971108191,17192.3255,6.520888955,14.39038461,762947.3154,1.574115752,22.72946427,142169.992,1.23151097,0.054366447,2045.143082,5.754980099,9.171918197,62682.35699,3.539766588,0.017398439,175.8131027,11.08246442,0.000231089,385.678041,13.97651568,0.249009407,11114.238,3.489142946
,FALSE,sample25.d,2022/11/4 14:02,Sample,,49-9_inksac,26.31700916,12897.13625,4.68063787,0.020454237,2614.29752,2.045388586,2.465953462,23944.98076,2.105040389,38.18481236,847381.7017,0.602142861,17.91615489,188625.313,0.516259057,0.061237229,2532.830766,10.99869884,13.00704226,57373.94746,2.760122417,0.009373565,264.812096,12.3231708,0.001511596,372.9709441,19.59560286,0.048485153,3696.245834,2.960648124
,FALSE,sample26.d,2022/11/4 14:06,Sample,,49-10_inksac,22.83515368,5848.451644,4.111927733,0.01385926,1361.901618,4.718560262,0.759708188,38413.57797,1.887761516,46.71382189,1130270.511,0.793484841,27.67313064,185230.2283,1.822599768,0.019600089,1378.460933,10.57525392,9.404398966,51986.08549,4.171095254,0.021075721,289.0527916,2.849527223,0.000911591,333.8409059,13.19080516,0.22679549,3884.635414,1.760926581
,FALSE,sample27.d,2022/11/4 14:10,Sample,,49-11_inksac,23.75936312,18954.46439,1.863224683,0.02951584,4919.089947,9.985275931,1.151264985,25505.57538,7.452384211,48.16865297,770612.4797,2.204921783,24.408547,62410.46175,0.97608527,0.030698949,3179.836451,9.535610886,10.52603486,93790.35335,2.536419127,0.014646779,202.3934224,21.47086563,0.001166488,421.4895936,9.446040563,0.21654732,6242.071571,0.61528129
,FALSE,sample28.d,2022/11/4 14:13,Sample,,49-12_inksac,33.82797441,8413.411786,2.461663869,0.018010208,3777.22728,4.678816097,1.808009414,14423.59265,7.640196116,20.705931,1739835.893,1.528046124,24.98265009,69880.33553,0.678339617,0.065005323,1443.464549,1.301026236,6.255818869,100360.6936,1.373279412,0.019366383,230.7078068,5.339595767,0.001409316,351.8738824,9.816208477,0.167784188,9060.595246,3.306598079
,FALSE,sample29.d,2022/11/4 14:17,Sample,,49-13_inksac,9.193756859,10061.8119,1.453008963,0.041572263,3257.783491,2.331550007,1.421370104,15522.16234,7.831556658,38.99336333,1636373.623,0.671241052,10.37728814,130519.3906,1.50255872,0.056173488,2601.510985,3.332601343,8.620092772,105245.5864,1.59833758,0.015392268,289.4486108,7.855076793,0.001302442,383.6613264,5.907588672,0.056762428,6680.994071,4.098591217
,FALSE,sample30.d,2022/11/4 14:21,Sample,,49-14_inksac,31.26427704,3750.189333,2.741447458,0.035631579,4728.061367,1.490843319,1.843335528,11473.01087,5.617865384,50.04807474,568795.7242,0.56834125,16.89436307,147322.1987,1.146268976,0.052846171,2342.908506,4.572510185,5.246958955,98156.32965,4.557208323,0.01140825,156.6683665,20.90402705,0.001359344,399.9987526,15.24557158,0.069727905,11763.40348,4.132973743
,FALSE,sample31.d,2022/11/4 14:24,Sample,,49-15_inksac,7.936637441,17570.33105,1.45660291,0.017964129,1891.188203,3.450438644,2.363351572,23496.2471,6.491903912,43.93734853,1383467.579,2.077977469,30.12642016,100708.3353,0.786764142,0.034169095,2303.947581,3.281953508,9.265448387,58007.41165,4.35840651,0.02000376,248.3599459,23.84029044,0.001857748,418.0058418,10.27953957,0.226941117,10858.27281,1.634884229
,FALSE,sample32.d,2022/11/4 14:28,Sample,,47-1_stomach,2802.969756,1836773.147,1.927358184,0.509906347,128305.2207,2.58020478,384.0311629,1943723.696,2.5577423,28.41255274,508046.4012,1.37110003,24.08771712,189916.6884,1.240762927,0.087629555,1411.503807,0.305743446,2.225414779,11745.7196,3.019967451,0.273082838,1021.123057,6.550978188,0.007135905,863.1507858,13.12182859,0.133900696,5560.101518,6.909528321
,FALSE,sample33.d,2022/11/4 14:32,Sample,,47-2_stomach,241.0542018,426677.5414,3.543292401,0.096351146,100835.186,8.275063989,69.95615637,6733340.836,2.297184383,6.51503163,1204615.754,0.994902445,28.32692093,156566.1391,0.95541549,0.020704156,2471.780475,9.034460156,3.8597436,12118.69847,3.401685389,0.217520178,1862.657508,5.410857397,0.007393085,687.645566,13.80479955,0.108699313,5816.821945,6.401686886
,FALSE,sample34.d,2022/11/4 14:35,Sample,,47-3_stomach,2307.689788,1858844.406,3.509055029,1.011515894,75542.86255,10.53128517,557.202032,6195729.908,4.718797856,19.75790644,1233751.888,1.645487477,29.58990319,231841.6285,0.738763266,0.054474946,3628.920999,5.604445938,4.432443867,15955.59589,3.837958444,0.1342321,984.3634842,4.994767904,0.006793917,996.1344268,3.119113186,0.105295496,4815.30041,3.044865384
,FALSE,sample35.d,2022/11/4 14:39,Sample,,47-4_stomach,2420.750369,50501.16983,0.929953983,0.5884519,51784.92018,8.414881701,431.2036362,7458383.021,2.029943981,24.99059402,314558.4411,1.688175815,34.09177939,171679.1902,0.341849397,0.022635452,2318.264211,5.22089747,1.48976473,26525.63618,3.104881307,0.088614568,3215.905704,13.52721641,0.007710899,907.3559809,16.31646795,0.06340074,6012.259119,0.363672781
,FALSE,sample36.d,2022/11/4 14:43,Sample,,47-5_stomach,2502.327287,1097201.496,0.8569293,1.263201754,114232.1775,8.076152668,230.231125,1164143.241,1.395788787,16.47885836,420232.4837,1.281117488,31.57989749,196366.7556,0.251055286,0.066412605,2683.649347,3.358623958,2.837370081,24265.57146,3.084062284,0.171190258,1482.239725,4.162263395,0.010992611,1018.688782,14.35211097,0.059531375,3726.249781,4.99229912
,FALSE,sample37.d,2022/11/4 14:46,Sample,,47-6_stomach,1406.136977,678139,4.546330263,1.802417353,20738.56407,3.856472017,365.695389,3458316.511,4.469855043,28.65899817,1399447.928,0.658480769,30.25358584,189611.195,1.498057404,0.063866126,3614.12174,11.01859935,2.625245742,9146.414631,3.119615247,0.063169955,3256.259566,16.301268,0.005321594,1029.839253,3.974186117,0.105921324,3764.266993,3.977778624
,FALSE,sample38.d,2022/11/4 14:50,Sample,,47-7_stomach,2744.980917,783712.6285,3.194494768,0.050772011,73976.10957,4.671934783,76.30931767,5103308.261,3.933432753,14.82775736,502020.2388,1.338884739,28.27187654,248126.1391,0.467379726,0.035718443,3259.429391,1.216789119,3.290700682,16771.6157,3.957096345,0.147770768,3149.833418,16.94637401,0.006806864,972.5541381,7.76664562,0.124676375,4223.462428,2.121976149
,FALSE,sample39.d,2022/11/4 14:53,Sample,,47-8_stomach,2460.296016,1172656.942,4.422350871,2.19435285,90548.44021,3.422663789,294.50812,4545099.757,4.960338724,23.57688149,1094751.362,1.558892086,27.72544242,189210.0096,1.015923697,0.08283258,3396.579519,8.196023496,2.289882418,19115.48095,0.93928011,0.128564026,2801.549943,1.695855874,0.008306144,643.7329581,6.861680992,0.096638548,3853.448819,3.491017608
,FALSE,sample40.d,2022/11/4 14:57,Sample,,47-9_stomach,701.5978944,810371.7787,1.406346473,0.788068051,85999.58736,4.823825225,178.7663401,1335813.055,5.379262273,24.07664336,1503075.7,0.853098333,33.23561358,220712.1635,1.648749144,0.086869703,3010.537556,5.185467643,0.70418553,15127.43252,3.460039399,0.234786113,1556.066481,21.54020781,0.002665716,977.5806446,9.89013457,0.057343274,5576.897707,1.780638927
,FALSE,sample41.d,2022/11/4 15:01,Sample,,47-10_stomach,2297.440874,1325954.186,1.544502657,2.040907636,87297.54133,4.664969079,10.36502268,3123820.399,1.804967909,32.67947077,606913.4412,0.97873882,29.59519098,152543.7074,0.740052185,0.03101117,3237.361786,0.912306101,0.743388046,27719.59926,0.746309526,0.103213463,2638.229715,12.31442307,0.007188841,887.9993732,12.43843627,0.04372466,4586.005844,0.958658904
,FALSE,sample42.d,2022/11/4 15:04,Sample,,47-11_stomach,358.5599892,193367.9354,4.050911439,1.867619799,7159.788655,1.480543166,489.3033192,2378764.018,5.466079143,19.61929213,948849.8976,1.312005419,30.81856085,143952.9147,1.213671541,0.023118675,2109.156679,5.354244756,0.341343347,21783.39426,3.500450412,0.185446304,2619.906018,21.5444166,0.01203435,923.8817435,3.721659473,0.134879849,6195.103854,6.460726504
,FALSE,sample43.d,2022/11/4 15:08,Sample,,47-12_stomach,1991.355292,838678.925,2.897735128,1.311125644,79054.57303,1.275566233,467.0107561,2528882.821,3.581914129,18.13253141,700226.1237,1.38672931,36.66612628,171728.0951,1.553606565,0.049980877,1424.126354,6.627218401,2.307822336,4079.174342,2.343242366,0.180690911,1715.263465,3.120201332,0.007096832,556.007043,13.12363113,0.061046096,5861.50839,1.43440771
,FALSE,sample44.d,2022/11/4 15:12,Sample,,47-13_stomach,2832.252619,2143810.772,1.372256996,2.069673814,9085.864319,9.489114716,215.0975437,5055179.7,1.232320842,22.6187368,1246431.367,0.678369411,37.2863913,197653.6698,0.302150191,0.070667277,2252.115122,6.613044727,1.35085172,32005.21341,3.400081291,0.242233443,2456.02863,21.80892422,0.002795357,954.2439608,11.03076711,0.071110831,3254.491628,3.128144326
,FALSE,sample45.d,2022/11/4 15:15,Sample,,47-14_stomach,199.1157361,1962926.939,3.675948781,0.887726366,40708.01256,10.07742929,322.6302339,5719666.688,5.777221823,31.07220022,1020761.978,1.426106598,37.10420593,161962.7666,0.442783463,0.062734539,2516.16994,8.566521313,1.455009129,22802.85505,2.266396388,0.228963146,2726.285978,9.856507713,0.007819281,1018.784135,12.91893579,0.120531119,5736.260826,5.530921742
,FALSE,sample46.d,2022/11/4 15:19,Sample,,47-15_stomach,2553.552334,883738.9066,1.658802738,1.747353011,40827.94372,3.442287177,50.36389722,2331281.282,2.295672875,34.69756763,739085.9604,1.005832834,29.88156051,260014.5985,1.286705279,0.077926437,1818.768065,0.910301864,1.871178656,31584.27121,3.280028974,0.209188222,1302.211861,10.19950822,0.005950372,1006.878186,8.794639472,0.10112683,5665.122554,3.980183539
,FALSE,sample47.d,2022/11/4 15:23,Sample,,49-1_stomach,2503.999644,1823995.055,3.294897296,0.513268721,79350.07563,5.802386399,144.140888,2228340.733,1.97805846,31.72183765,1088885.754,1.076258223,32.08532529,218925.5109,0.347202132,0.078096603,3393.387103,3.963167954,0.943168699,28379.50759,3.576690475,0.113990822,3223.002204,7.990519598,0.003125056,434.7014414,16.97935759,0.079231359,5517.743823,2.875956224
,FALSE,sample48.d,2022/11/4 15:26,Sample,,49-2_stomach,1971.191792,1865511.848,0.877758923,1.759753201,48656.16815,6.901074029,160.6629949,2749775.352,4.560156391,4.901620882,1366512.822,1.174315557,36.04007736,167667.185,1.361368225,0.044674736,2302.431631,9.642732794,2.76565428,25229.93241,3.017078489,0.192824762,3492.588255,3.160935589,0.010066279,884.1392348,15.89750337,0.040048443,5077.806676,2.871734551
,FALSE,sample49.d,2022/11/4 15:30,Sample,,49-3_stomach,1654.714957,684821.4408,0.862795713,0.148971045,132141.3444,4.563970675,309.7689915,4427942.923,1.285941786,17.90138637,977134.0331,1.071083608,36.41596195,228269.1966,0.280639833,0.040361007,1323.465717,5.95568538,4.139996915,17295.36429,3.655101438,0.041776519,434.9794912,5.520431725,0.011551981,605.1243872,12.38264862,0.11778429,3720.05795,0.388351732
,FALSE,sample50.d,2022/11/4 15:34,Sample,,49-4_stomach,2330.646415,102743.452,3.866932315,0.833798498,71060.40041,2.711201189,262.2500119,3185084.981,2.281459183,5.481773398,1452088.715,1.093409366,24.73525401,242804.5448,0.383649146,0.069144357,1425.868243,7.482350665,1.494940244,5458.63915,1.960062699,0.051728478,3656.257409,10.63296728,0.006163784,521.5490415,12.16957309,0.039410333,5910.558805,4.198650504
,FALSE,sample51.d,2022/11/4 15:37,Sample,,49-5_stomach,2869.47991,1093535.26,4.327824985,1.673472826,119696.3219,6.945653394,323.9490053,7032412.13,1.788655117,41.42924762,766105.6593,1.307134597,34.0179609,242856.5692,0.46747501,0.083224438,3902.866768,9.427708278,3.100504163,23147.34707,3.577550897,0.150245924,1918.885635,2.64174934,0.006733278,799.7305067,15.42540054,0.117516433,4748.706047,1.555936189
,FALSE,sample52.d,2022/11/4 15:41,Sample,,49-6_stomach,1122.434004,1534172.113,2.716173639,0.540330861,9216.708927,10.53719472,428.1206277,5118148.193,5.526994195,5.322060256,1266777.048,0.646323569,25.26833905,149666.6523,1.123821239,0.064535292,1644.864915,3.489038586,0.488080823,3400.461877,3.827707536,0.027026992,3564.376484,11.59292256,0.007811295,406.838025,10.67103691,0.049611748,6674.332164,6.655642049
,FALSE,sample53.d,2022/11/4 15:45,Sample,,49-7_stomach,384.0937388,320748.3218,1.094148101,0.655058936,66381.10049,0.900925371,569.3177994,3776606.258,2.124753445,36.35493518,1454657.796,1.348930699,28.21323776,191873.4548,0.308097236,0.050008116,2356.168628,6.117789266,1.969091279,22793.69024,4.105607975,0.16926353,3465.158673,5.500203199,0.007628279,467.7176664,15.96866775,0.134429485,3223.137694,6.795541026
,FALSE,sample54.d,2022/11/4 15:48,Sample,,49-8_stomach,1240.1645,651415.566,1.609012198,1.169554611,103292.8182,3.904810747,566.173918,2215364.166,2.212734544,13.70265701,1035804.771,1.197119097,31.3508086,174656.4976,1.321802801,0.064924086,1448.287546,5.39084486,2.028110984,6977.401253,4.052879044,0.248645364,1484.13764,8.545483949,0.009715348,718.1278228,5.004771111,0.085889323,3458.635888,1.415319441
,FALSE,sample55.d,2022/11/4 15:52,Sample,,49-9_stomach,731.3086784,783706.3383,3.589372498,2.155951372,89721.60202,5.274302533,116.6648793,3877600.435,2.325836,28.75862615,694531.2862,1.246198576,35.3362957,216784.939,0.51861805,0.056186967,1761.538645,3.014919428,1.420897736,3009.164713,2.720953113,0.185048214,1622.602216,2.233132431,0.001276226,637.261721,15.20378756,0.108102192,6033.35478,3.869328658
,FALSE,sample56.d,2022/11/4 15:56,Sample,,49-10_stomach,473.8386019,338429.4641,0.909179268,0.070033585,127387.1147,11.49396472,196.9402749,1192814.945,5.091773789,15.50129347,704252.7763,1.354571709,22.33384184,210580.7807,1.473513122,0.087783981,2350.987922,0.741492121,3.479215128,29631.30763,3.209732985,0.046973261,2134.358193,6.905419809,0.003701793,945.6053903,9.474140665,0.070274224,5640.023818,6.644806905
,FALSE,sample57.d,2022/11/4 15:59,Sample,,49-11_stomach,1603.038443,2096476.811,2.468219821,0.770368448,107983.1797,6.136258672,260.0848327,4349532.316,5.711829869,40.96779755,1046599.175,1.070952925,29.66531978,152529.3265,0.834618831,0.086270894,2548.030922,1.269021867,1.318751165,4102.443836,4.007045041,0.02808151,2651.135669,10.03103068,0.001984704,515.2169639,2.246435052,0.104071756,3406.82093,7.292401651
,FALSE,sample58.d,2022/11/4 16:03,Sample,,49-12_stomach,2309.796492,1857420.816,2.864715749,1.403288415,83381.64379,5.413657571,52.47276564,370197.9186,2.247074131,30.59984354,985377.3264,1.73678255,34.23632709,177705.6876,0.811038816,0.079668575,4177.855802,1.72577772,3.164738478,32539.76252,2.083795725,0.054844276,2441.546471,10.21127164,0.001031217,714.6357751,16.90574707,0.102919534,6707.132624,5.890904212
,FALSE,sample59.d,2022/11/4 16:06,Sample,,49-13_stomach,2216.270467,762969.1733,4.081630465,1.930133437,98036.58617,6.225403352,125.4377407,3221057.023,3.084473396,36.67333826,1221226.595,1.41353554,25.08819768,200295.913,1.156006347,0.076947888,1622.535111,11.13666192,3.160153123,17769.48466,4.346296212,0.084820315,1249.095345,7.67101906,0.00675275,725.565408,3.519484223,0.096243266,4672.743075,6.59003134
,FALSE,sample60.d,2022/11/4 16:10,Sample,,49-14_stomach,1582.704477,1562045.065,4.423482845,2.58229365,92628.35952,10.17885861,199.0553787,6417146.702,4.478009148,22.37473084,703161.6986,0.545599312,31.30646581,188735.764,0.712383091,0.051613515,1536.97598,9.681637607,2.528256509,28492.07826,2.829659895,0.127974669,2795.668881,11.16535621,0.009377772,572.4294051,7.112161734,0.117895981,4079.19361,5.659427849
,FALSE,sample61.d,2022/11/4 16:14,Sample,,49-15_stomach,1513.037284,1521071.602,2.970343714,0.170440914,72290.05996,8.160674176,35.45245761,155327.4648,1.562380367,32.46138097,747493.1272,0.817348589,23.90675124,167002.0126,1.013811433,0.035465915,1979.793845,4.11561405,1.461547939,5533.022427,1.964477368,0.139106819,1561.568734,6.320547349,0.001319141,709.7310143,14.71144374,0.052485352,3997.660729,5.748275309