ID,DW,Year,ID_num,Area,Tissue,Gender,dta_km,dtfl_km,Longitude,Latitude,Month_of_Capture,Mantle_length_mm,Wet_Weight_g,Maturity_level,Fe,Co,Ni,Cu,Zn,Ag,Cd,Hg,Tl,Pb
26_01_stomach,100,2019,01,26,stomach,0,590,148,059°36'W,49°55'S,6,289.1,525.56,4,10230.93,9.94,601.74,56.97,120.21,0.11 BB,6.4,0.64 BB,0.05 BB,0
26_02_stomach,102.4,2019,02,26,stomach,0,590,148,059°36'W,49°55'S,6,276.4,553.24,3,2288.32,7.55,2045.81,136.6,95.45,0.22 BB,6.45,1.16 BB,0.03 BB,0
26_03_stomach,108.9,2019,03,26,stomach,0,590,148,059°36'W,49°55'S,6,249,323.08,3,9508.16,5.23,1769.79,131.63,136.33,0.32 BB,7.99,0.56 BB,0.06 BB,0
26_04_stomach,103.2,2019,04,26,stomach,0,590,148,059°36'W,49°55'S,6,255.7,341.07,4,231.6,3.68,2248.97,32.88,104.58,0.2 BB,14.02,2.01 BB,0.05 BB,0
26_05_stomach,108.5,2019,05,26,stomach,0,590,148,059°36'W,49°55'S,6,269.9,392.15,4,5616.56,8.12,330.61,42.87,114.8,0.23 BB,12.2,0.87 BB,0.06 BB,0
26_06_stomach,103.6,2019,06,26,stomach,0,590,148,059°36'W,49°55'S,6,266.4,413.92,4,3619.55,1.26,1036.6,157.4,115.83,0.33 BB,4.81,2.03 BB,0.06 BB,0
26_07_stomach,100.8,2019,07,26,stomach,0,590,148,059°36'W,49°55'S,6,246.8,320.41,3,4305.95,5.53,1574.15,55.8,158.17,0.31 BB,9.07,2.01 BB,0.06 BB,0
26_08_stomach,104.7,2019,08,26,stomach,0,590,148,059°36'W,49°55'S,6,254,352.35,3,6223.54,6.6,1349.31,121.11,114.36,0.31 BB,9.96,1.72 BB,0.03 BB,0
26_09_stomach,107.7,2019,09,26,stomach,0,590,148,059°36'W,49°55'S,6,252.1,346.71,3,4168.54,6.07,382.76,162.86,130.88,0.26 BB,7.66,0.92 BB,0.06 BB,0
26_10_stomach,109.2,2019,10,26,stomach,0,590,148,059°36'W,49°55'S,6,281,514.47,3,6752.34,6.09,887.95,62.94,87.02,0.28 BB,13.85,1.55 BB,0.05 BB,0
26_11_stomach,108.9,2019,11,26,stomach,0,590,148,059°36'W,49°55'S,6,284.3,537.33,4,953.32,0.2,677.11,100.49,81.95,0.17 BB,10.91,1.55 BB,0.05 BB,0
26_12_stomach,106.3,2019,12,26,stomach,0,590,148,059°36'W,49°55'S,6,268.8,435.05,3,4372.4,5.63,737.7,75.11,101.56,0.1 BB,2.08,1.03 BB,0.02 BLOQ,0
26_13_stomach,104.7,2019,13,26,stomach,0,590,148,059°36'W,49°55'S,6,273.7,434.67,4,11412.05,0.36,1501.18,138.35,119.79,0.19 BB,16.67,1.5 BB,0.05 BB,0
26_14_stomach,105.7,2019,14,26,stomach,0,590,148,059°36'W,49°55'S,6,275,485.43,5,10346.83,2.75,1682.97,111.63,95.91,0.22 BB,11.76,1.66 BB,0.06 BB,0
26_15_stomach,102.9,2019,15,26,stomach,0,590,148,059°36'W,49°55'S,6,242.7,342.63,5,4761.83,2.84,702.2,82.08,162.73,0.15 BB,16.74,0.8 BB,0.06 BB,0
28_01_stomach,101.4,2019,01,28,stomach,0,536,192,060°08'W,49°27'S,5,268.7,428.87,3,10019.18,5.92,680.94,124.36,137.83,0.32 BB,15.27,2.05 BB,0.01 BLOQ,0
28_02_stomach,107.6,2019,02,28,stomach,0,536,192,060°08'W,49°27'S,5,258.8,348.11,3,9657.7,3.29,792.78,147.9,97.79,0.19 BB,12.79,2.09 BB,0.05 BB,0
28_03_stomach,108,2019,03,28,stomach,0,536,192,060°08'W,49°27'S,5,257.5,386.02,5,3506.69,9.48,1274.26,104.44,135.24,0.09 BB,8.73,0.24 BB,0.03 BB,0
28_04_stomach,103.5,2019,04,28,stomach,0,536,192,060°08'W,49°27'S,5,238.7,295.47,3,513.28,5.16,955.3,163.61,150.58,0.11 BB,2.87,2.28 BB,0.02 BLOQ,0
28_05_stomach,105.9,2019,05,28,stomach,0,536,192,060°08'W,49°27'S,5,254.8,341.83,3,5735.09,8.73,2066.23,82.8,147.2,0.35 BB,11.92,1.16 BB,0.04 BB,0
28_06_stomach,101,2019,06,28,stomach,0,536,192,060°08'W,49°27'S,5,260.5,379.29,3,8453.72,0.38,1575.61,145.82,92.17,0.13 BB,1.83,2.28 BB,0.01 BLOQ,0
28_07_stomach,100,2019,07,28,stomach,0,536,192,060°08'W,49°27'S,5,271,462.42,4,1750.7,4.96,1173.14,169.64,121.53,0.21 BB,12.43,2.23 BB,0.01 BLOQ,0
28_08_stomach,104,2019,08,28,stomach,0,536,192,060°08'W,49°27'S,5,246.2,310.29,3,3461.89,7.62,660.03,115.18,105.7,0.11 BB,3.65,0.91 BB,0.03 BB,0
28_09_stomach,103.1,2019,09,28,stomach,0,536,192,060°08'W,49°27'S,5,261.4,256.25,3,4209.86,6.63,1168.41,76.78,134.16,0.14 BB,1.59,1 BB,0.03 BB,0
28_10_stomach,104,2019,10,28,stomach,0,536,192,060°08'W,49°27'S,5,243.5,316.46,3,1778.47,9.48,353.51,77.23,128.98,0.2 BB,15.54,1.31 BB,0.05 BB,0
28_11_stomach,106.1,2019,11,28,stomach,0,536,192,060°08'W,49°27'S,5,249.8,360.31,4,11011.91,7.83,1274.04,114.11,89.56,0.22 BB,2.1,1.61 BB,0.02 BLOQ,0
28_12_stomach,101.7,2019,12,28,stomach,0,536,192,060°08'W,49°27'S,5,231.4,341.05,4,10173.48,6.22,109.34,111.88,110.11,0.4 BB,17.45,1.54 BB,0.03 BB,0
28_13_stomach,103,2019,13,28,stomach,0,536,192,060°08'W,49°27'S,5,267.7,366.53,3,4101.33,7.29,970.83,137.72,123.5,0.13 BB,9.41,0.77 BB,0.04 BB,0
28_14_stomach,108.6,2019,14,28,stomach,0,536,192,060°08'W,49°27'S,5,265.6,423.27,3,8005.69,6.51,1838.25,73.84,109.96,0.12 BB,14.31,1.66 BB,0.02 BLOQ,0
28_15_stomach,100.6,2019,15,28,stomach,0,536,192,060°08'W,49°27'S,5,287.4,482.5,4,8414.49,5.41,43.95,84.96,104.15,0.17 BB,2.99,0.99 BB,0.03 BB,0
26_01_liver,108,2019,01,26,liver,0,590,148,059°36'W,49°55'S,6,289.1,525.56,4,89.27,0.38,3.46,138.95,96.72,1.36,184.56,5.33 BB,0.12,0.33
26_02_liver,108.7,2019,02,26,liver,0,590,148,059°36'W,49°55'S,6,276.4,553.24,3,100.99,0.41,2.95,167.03,129.53,1.82,263.22,1.37 BB,0.04,0.49
26_03_liver,107.9,2019,03,26,liver,0,590,148,059°36'W,49°55'S,6,249,323.08,3,84.64,0.57,3.42,219.72,85.43,1.57,272.3,2 BB,0.01,0.43
26_04_liver,105.3,2019,04,26,liver,0,590,148,059°36'W,49°55'S,6,255.7,341.07,4,76.01,1,3.1,322.05,126.12,1.15,201.35,4.92 BB,0.11,0.32
26_05_liver,108.6,2019,05,26,liver,0,590,148,059°36'W,49°55'S,6,269.9,392.15,4,121.47,0.58,2.59,306.63,152.72,1.67,253.67,0.45 BB,0.13,0.29
26_06_liver,109.9,2019,06,26,liver,0,590,148,059°36'W,49°55'S,6,266.4,413.92,4,75.34,0.43,2.17,230.48,168.69,1.14,264.75,0.68 BB,0.05 BB,0.34
26_07_liver,103,2019,07,26,liver,0,590,148,059°36'W,49°55'S,6,246.8,320.41,3,135.6,0.83,2.77,212.52,166.7,1.71,256.55,4.95 BB,0.04 BB,0.42
26_08_liver,106.1,2019,08,26,liver,0,590,148,059°36'W,49°55'S,6,254,352.35,3,134.78,0.49,2.32,210.91,176.08,1.41,216.78,2.92 BB,0.11,0.36
26_09_liver,104.7,2019,09,26,liver,0,590,148,059°36'W,49°55'S,6,252.1,346.71,3,122.59,0.6,2.98,270.95,130.97,1.05,252.39,2.45 BB,0.12,0.4
26_10_liver,107.4,2019,10,26,liver,0,590,148,059°36'W,49°55'S,6,281,514.47,3,103.76,0.63,3.85,313.26,142.42,1.02,247.83,2.57 BB,0.05,0.46
26_11_liver,101.8,2019,11,26,liver,0,590,148,059°36'W,49°55'S,6,284.3,537.33,4,81.87,0.65,3.61,360.31,158.57,1.75,259.18,5.17 BB,0.04,0.45
26_12_liver,105.1,2019,12,26,liver,0,590,148,059°36'W,49°55'S,6,268.8,435.05,3,149.76,0.5,2.77,229.13,104.7,1.48,282.75,1.79 BB,0.02,0.37
26_13_liver,105.6,2019,13,26,liver,0,590,148,059°36'W,49°55'S,6,273.7,434.67,4,88.09,0.4,3.39,236.92,193.26,1.33,250.32,1.4 BB,0.04 BB,0.46
26_14_liver,101,2019,14,26,liver,0,590,148,059°36'W,49°55'S,6,275,485.43,5,106.35,0.51,2.4,331.66,115.31,1.98,303.04,0.99 BB,0.03 BB,0.44
26_15_liver,107.3,2019,15,26,liver,0,590,148,059°36'W,49°55'S,6,242.7,342.63,5,81.2,0.75,3.12,333.94,134.42,1.83,213.62,3.23 BB,0.05,0.35
28_01_liver,108.4,2019,01,28,liver,0,536,192,060°08'W,49°27'S,5,268.7,428.87,3,126.19,0.68,2.44,254.18,127.73,1.07,190.99,3.8 BB,0.08,0.3
28_02_liver,105.2,2019,02,28,liver,0,536,192,060°08'W,49°27'S,5,258.8,348.11,3,111.71,0.81,3.33,332.79,140.42,1.36,224.45,2.72 BB,0.05,0.54
28_03_liver,103.8,2019,03,28,liver,0,536,192,060°08'W,49°27'S,5,257.5,386.02,5,119.7,0.63,4.03,135.3,85.21,1.94,238.11,4.61 BB,0.05,0.45
28_04_liver,106.7,2019,04,28,liver,0,536,192,060°08'W,49°27'S,5,238.7,295.47,3,124.98,0.56,2.59,336.34,177.55,1.73,214.37,5.14 BB,0.03,0.38
28_05_liver,106.6,2019,05,28,liver,0,536,192,060°08'W,49°27'S,5,254.8,341.83,3,128.48,0.5,2.8,194.19,170.17,1.12,288.45,4.22 BB,0.03 BB,0.39
28_06_liver,109.3,2019,06,28,liver,0,536,192,060°08'W,49°27'S,5,260.5,379.29,3,114.75,0.77,2.2,151.91,156.4,0.97,224.82,4.89 BB,0.02,0.44
28_07_liver,104.4,2019,07,28,liver,0,536,192,060°08'W,49°27'S,5,271,462.42,4,128.47,0.8,3.23,144.94,147.31,1.42,221.39,2.1 BB,0.11,0.5
28_08_liver,106.1,2019,08,28,liver,0,536,192,060°08'W,49°27'S,5,246.2,310.29,3,115.93,0.61,3.66,186.26,146.41,1.27,191.6,2.21 BB,0.03,0.41
28_09_liver,107.3,2019,09,28,liver,0,536,192,060°08'W,49°27'S,5,261.4,256.25,3,96.13,0.48,3.58,252.72,178.37,1.27,203.58,1.81 BB,0.01,0.47
28_10_liver,109.9,2019,10,28,liver,0,536,192,060°08'W,49°27'S,5,243.5,316.46,3,85.37,0.38,2.65,321.71,84.26,1.62,241.64,5.69 BB,0.1,0.35
28_11_liver,107.6,2019,11,28,liver,0,536,192,060°08'W,49°27'S,5,249.8,360.31,4,98.64,0.8,3.28,320.26,183.67,1.58,218.71,2.96 BB,0.13,0.3
28_12_liver,108.4,2019,12,28,liver,0,536,192,060°08'W,49°27'S,5,231.4,341.05,4,87.8,0.94,3.65,214.82,94.29,1.63,212.3,4.52 BB,0.03,0.33
28_13_liver,107.2,2019,13,28,liver,0,536,192,060°08'W,49°27'S,5,267.7,366.53,3,119.48,0.52,3.39,263.37,118.66,1.25,200.13,0.75 BB,0.09,0.32
28_14_liver,106,2019,14,28,liver,0,536,192,060°08'W,49°27'S,5,265.6,423.27,3,124.36,0.56,2.27,174.23,97.38,1.61,277.94,5.61 BB,0.01,0.49
28_15_liver,102.6,2019,15,28,liver,0,536,192,060°08'W,49°27'S,5,287.4,482.5,4,88.46,0.67,2.5,211.57,114.54,1.88,197.31,3.1 BB,0,0.32
26_01_muscle,100.8,2019,01,26,muscle,0,590,148,059°36'W,49°55'S,6,289.1,525.56,4,18.62,0,1.35,77.42,59.91,0.12 BB,9.54,0.13 BLOQ,0.01 BLOQ,0.42
26_02_muscle,100.4,2019,02,26,muscle,0,590,148,059°36'W,49°55'S,6,276.4,553.24,3,6.43,0,1.38,25.65,63.97,0.14 BB,1.94,0.11 BLOQ,0,0.56
26_03_muscle,106.8,2019,03,26,muscle,0,590,148,059°36'W,49°55'S,6,249,323.08,3,22.75,0,0.89,32.05,43.08,0.13 BB,6.87,0.17 BB,0,0.24
26_04_muscle,105.2,2019,04,26,muscle,0,590,148,059°36'W,49°55'S,6,255.7,341.07,4,17.01,0,0.98,76.66,58.84,0.08 BB,7.39,0.15 BB,0,0.19
26_05_muscle,104.1,2019,05,26,muscle,0,590,148,059°36'W,49°55'S,6,269.9,392.15,4,4.33,0,0.81,37.81,63.04,0.13 BB,1.74,0.13 BLOQ,0,0.21
26_06_muscle,105.8,2019,06,26,muscle,0,590,148,059°36'W,49°55'S,6,266.4,413.92,4,6.68,0,0.78,83.4,36.07,0.05 BLOQ,7.18,0.15 BB,0 BLOQ,0.24
26_07_muscle,106,2019,07,26,muscle,0,590,148,059°36'W,49°55'S,6,246.8,320.41,3,18.05,0,0.72,80.58,65.24,0.06 BB,3.2,0.18 BB,0,0.37
26_08_muscle,108.3,2019,08,26,muscle,0,590,148,059°36'W,49°55'S,6,254,352.35,3,9.09,0,1.08,77.91,61.2,0.1 BB,8.5,0.11 BLOQ,0,0.37
26_09_muscle,101.1,2019,09,26,muscle,0,590,148,059°36'W,49°55'S,6,252.1,346.71,3,8.07,0,1.26,53.58,63.92,0.04 BLOQ,2.09,0.14 BLOQ,0,0.33
26_10_muscle,103.1,2019,10,26,muscle,0,590,148,059°36'W,49°55'S,6,281,514.47,3,7.98,0,0.98,48.15,64.84,0.04 BLOQ,5.16,0.15 BLOQ,0.01 BLOQ,0.52
26_11_muscle,100,2019,11,26,muscle,0,590,148,059°36'W,49°55'S,6,284.3,537.33,4,17.46,0,1.01,72.96,56.59,0.09 BB,2.43,0.14 BLOQ,0.01 BLOQ,0.37
26_12_muscle,102.4,2019,12,26,muscle,0,590,148,059°36'W,49°55'S,6,268.8,435.05,3,12.95,0,0.95,47.08,52.62,0.13 BB,5.04,0.18 BB,0.01 BLOQ,0.28
26_13_muscle,106.4,2019,13,26,muscle,0,590,148,059°36'W,49°55'S,6,273.7,434.67,4,20.24,0,0.71,85.23,56.49,0.12 BB,6.17,0.13 BLOQ,0,0.23
26_14_muscle,103.3,2019,14,26,muscle,0,590,148,059°36'W,49°55'S,6,275,485.43,5,19.47,0,0.73,29.07,43.78,0.08 BB,8.7,0.17 BB,0 BLOQ,0.33
26_15_muscle,101.2,2019,15,26,muscle,0,590,148,059°36'W,49°55'S,6,242.7,342.63,5,8.94,0,1.43,91.42,48.57,0.13 BB,3.81,0.18 BB,0,0.4
28_01_muscle,101.7,2019,01,28,muscle,0,536,192,060°08'W,49°27'S,5,268.7,428.87,3,22.6,0,1.31,60.04,62.34,0.13 BB,4,0.18 BB,0,0.28
28_02_muscle,102,2019,02,28,muscle,0,536,192,060°08'W,49°27'S,5,258.8,348.11,3,0,0,1.19,60.1,58.16,0.12 BB,2.63,0.15 BB,0,0.26
28_03_muscle,106.1,2019,03,28,muscle,0,536,192,060°08'W,49°27'S,5,257.5,386.02,5,14.96,0,1.36,21.3,40.13,0.09 BB,2.98,0.12 BLOQ,0,0.39
28_04_muscle,101.4,2019,04,28,muscle,0,536,192,060°08'W,49°27'S,5,238.7,295.47,3,6.43,0,1.57,31.24,54.25,0.12 BB,3.19,0.16 BB,0 BLOQ,0.2
28_05_muscle,109,2019,05,28,muscle,0,536,192,060°08'W,49°27'S,5,254.8,341.83,3,21.73,0,1.45,40.37,61.17,0.06 BB,5.86,0.17 BB,0,0.2
28_06_muscle,101.8,2019,06,28,muscle,0,536,192,060°08'W,49°27'S,5,260.5,379.29,3,11.11,0,0.81,31.62,65.08,0.09 BB,7,0.16 BB,0 BLOQ,0.23
28_07_muscle,102.1,2019,07,28,muscle,0,536,192,060°08'W,49°27'S,5,271,462.42,4,23.42,0,1.25,22.45,70.01,0.05 BLOQ,9.44,0.13 BLOQ,0 BLOQ,0.24
28_08_muscle,108,2019,08,28,muscle,0,536,192,060°08'W,49°27'S,5,246.2,310.29,3,5.57,0,0.83,77.4,52.5,0.08 BB,8.79,0.17 BB,0,0.38
28_09_muscle,103.3,2019,09,28,muscle,0,536,192,060°08'W,49°27'S,5,261.4,256.25,3,6.5,0,0.73,70.84,48.41,0.13 BB,9.28,0.16 BB,0,0.24
28_10_muscle,103.2,2019,10,28,muscle,0,536,192,060°08'W,49°27'S,5,243.5,316.46,3,17.87,0,0.87,66.23,66.62,0.11 BB,4.5,0.13 BLOQ,0,0.17
28_11_muscle,103.5,2019,11,28,muscle,0,536,192,060°08'W,49°27'S,5,249.8,360.31,4,10.45,0,0.87,54.52,53.14,0.09 BB,2.54,0.18 BB,0,0.23
28_12_muscle,106.4,2019,12,28,muscle,0,536,192,060°08'W,49°27'S,5,231.4,341.05,4,10.98,0,0.69,40.32,37.96,0.04 BLOQ,5.54,0.17 BB,0,0.4
28_13_muscle,108.6,2019,13,28,muscle,0,536,192,060°08'W,49°27'S,5,267.7,366.53,3,8.29,0,0.83,20.15,48.01,0.12 BB,1.92,0.15 BB,0 BLOQ,0.43
28_14_muscle,105.4,2019,14,28,muscle,0,536,192,060°08'W,49°27'S,5,265.6,423.27,3,0,0,0.96,58.04,54.8,0.05 BLOQ,9.37,0.1 BLOQ,0.01 BLOQ,0.39
28_15_muscle,105.4,2019,15,28,muscle,0,536,192,060°08'W,49°27'S,5,287.4,482.5,4,13.54,0,1.47,39.17,43.42,0.09 BB,8.79,0.14 BLOQ,0.01 BLOQ,0.31
60_01_liver,109.8,2020,01,60,liver,0,590,130,59°31'W,50°05'S,4,227.3,233.03,3,39,0,0,375.25,101.63,0,110.77,0,7.7 BB,0
60_02_liver,100,2020,02,60,liver,0,590,130,59°31'W,50°05'S,4,239.3,336.23,3,41.23,0,0,221.74,41.21,0,84.14,0,3.61 BB,0
60_03_liver,108.2,2020,03,60,liver,1,590,130,59°31'W,50°05'S,4,240.6,344.68,5,10.44,0,0,153.06,90.6,0,81.9,0,3.91 BB,0
60_04_liver,100.4,2020,04,60,liver,0,590,130,59°31'W,50°05'S,4,240.6,310.74,3,11.28,0,0,168.33,0,0,112.55,0,0,0
60_05_liver,115.4,2020,05,60,liver,1,590,130,59°31'W,50°05'S,4,235.9,301.78,5,13.34,0,0,151.88,87.83,0,110.56,0,4.07 BB,0
60_06_liver,102.2,2020,06,60,liver,0,590,130,59°31'W,50°05'S,4,241.8,292.32,2,47.94,0,0,326.08,33.74,0,86.5,0,1.2 BB,0
60_07_liver,104.9,2020,07,60,liver,1,590,130,59°31'W,50°05'S,4,237.3,346.48,5,24.33,0,0,166.25,30.91,0,72.26,0,2.34 BB,0
60_08_liver,102.5,2020,08,60,liver,1,590,130,59°31'W,50°05'S,4,223.4,259.5,5,6.08,0,0,126.05,40.47,0,103.56,0,1.4 BB,0
60_09_liver,101.6,2020,09,60,liver,0,590,130,59°31'W,50°05'S,4,219,226.89,2,8.81,0,0,409.52,90.67,0,93.33,0,4.27 BB,0
60_10_liver,103.2,2020,10,60,liver,1,590,130,59°31'W,50°05'S,4,215.3,268.83,5,31,0,0,230.23,66.33,0,104.78,0,6.56 BB,0
60_11_liver,106.9,2020,11,60,liver,0,590,130,59°31'W,50°05'S,4,235.1,277.38,2,0,0,0,258.72,108.26,0,80.44,0,3.98 BB,0
60_12_liver,104.3,2020,12,60,liver,1,590,130,59°31'W,50°05'S,4,226.7,271.44,5,14.78,0,0,385.67,42.94,0,100.39,0,8.38 BB,0
60_13_liver,104.5,2020,13,60,liver,1,590,130,59°31'W,50°05'S,4,236.5,293.22,5,34.53,0,0,394.62,0,0,61.97,0,5.3 BB,0
60_14_liver,102.3,2020,14,60,liver,1,590,130,59°31'W,50°05'S,4,235.3,308.75,5,22.53,0,0,449.86,0,0,57.39,0,3.67 BB,0
60_15_liver,102.3,2020,15,60,liver,0,590,130,59°31'W,50°05'S,4,245.7,346.14,3,10.4,0,0,245.37,0,0,111.91,0,5.84 BB,0
65_01_liver,105.6,2020,01,65,liver,1,561,166,59°52'W,49°42'S,3,229.1,286.8,5,37.32,0,0,159.62,23.57,0,123.33,0,0,0
65_02_liver,104.6,2020,02,65,liver,0,561,166,59°52'W,49°42'S,3,235,259.86,3,28.21,0,0,148.22,16.73,0,65.96,0,2.52 BB,0
65_03_liver,108.2,2020,03,65,liver,0,561,166,59°52'W,49°42'S,3,248.1,327.45,4,16.14,0,0,408.47,31.29,0,111.87,0,4.65 BB,0
65_04_liver,108.8,2020,04,65,liver,0,561,166,59°52'W,49°42'S,3,248.6,341.04,3,13.85,0,0,243.84,0,0,94.45,0,1.48 BB,0
65_05_liver,113.2,2020,05,65,liver,1,561,166,59°52'W,49°42'S,3,253.6,381.95,5,29.13,0,0,311.29,74.82,0,58.52,0,4.37 BB,0
65_06_liver,108.8,2020,06,65,liver,1,561,166,59°52'W,49°42'S,3,222.4,263.52,5,20.24,0,0,172.82,71.43,0,48.76,0,4.94 BB,0
65_07_liver,114.3,2020,07,65,liver,1,561,166,59°52'W,49°42'S,3,221.9,253.33,5,17.42,0,0,219.54,21.43,0,101.47,0,2.2 BB,0
65_08_liver,111.2,2020,08,65,liver,0,561,166,59°52'W,49°42'S,3,223.1,255.04,3,19.3,0,0,331.36,80.55,0,63.92,0,8.53 BB,0
65_09_liver,104.7,2020,09,65,liver,0,561,166,59°52'W,49°42'S,3,234.1,285.25,3,37.31,0,0,350.5,18.51,0,51.71,0,9.53 BB,0
65_10_liver,121.5,2020,10,65,liver,1,561,166,59°52'W,49°42'S,3,236.5,345.59,5,19.9,0,0,193.14,78.23,0,91.47,0,4.65 BB,0
65_11_liver,105.4,2020,11,65,liver,0,561,166,59°52'W,49°42'S,3,236.1,257.62,3,7.77,0,0,175.36,75.59,0,73.27,0,7.9 BB,0
65_12_liver,118.8,2020,12,65,liver,0,561,166,59°52'W,49°42'S,3,235,272.61,3,23.14,0,0,297.68,0,0,103.26,0,4.34 BB,0
65_13_liver,108.8,2020,13,65,liver,0,561,166,59°52'W,49°42'S,3,241.4,320.13,4,19,0,0,284.13,48.92,0,76.83,0,0.87 BLOQ,0
65_14_liver,106.4,2020,14,65,liver,1,561,166,59°52'W,49°42'S,3,237.4,316.7,5,18.44,0,0,154.93,40.55,0,84.55,0,2.89 BB,0
65_15_liver,101.2,2020,15,65,liver,1,561,166,59°52'W,49°42'S,3,231.8,302.9,5,7.41,0,0,378.53,0,0,94.24,0,4.8 BB,0
60_01_muscle,103.8,2020,01,60,muscle,0,590,130,59°31'W,50°05'S,4,227.3,233.03,3,0,0,0,19.92,0,0,0,0,0,0
60_02_muscle,101.7,2020,02,60,muscle,0,590,130,59°31'W,50°05'S,4,239.3,336.23,3,0,0,0,0,0,0,0,0,0,0
60_03_muscle,112.2,2020,03,60,muscle,1,590,130,59°31'W,50°05'S,4,240.6,344.68,5,0,0,0,67.72,0,0,0,0,0,0
60_04_muscle,104.1,2020,04,60,muscle,0,590,130,59°31'W,50°05'S,4,240.6,310.74,3,0,0,0,68.97,0,0,0,0,0,0
60_05_muscle,102.2,2020,05,60,muscle,1,590,130,59°31'W,50°05'S,4,235.9,301.78,5,0,0,0,9.59,0,0,0,0,0,0
60_06_muscle,103.5,2020,06,60,muscle,0,590,130,59°31'W,50°05'S,4,241.8,292.32,2,0,0,0,0,0,0,0,0,0,0
60_07_muscle,110.5,2020,07,60,muscle,1,590,130,59°31'W,50°05'S,4,237.3,346.48,5,0,0,0,23.71,0,0,0,0,0,0
60_08_muscle,104.6,2020,08,60,muscle,1,590,130,59°31'W,50°05'S,4,223.4,259.5,5,0,0,0,45.48,0,0,0,0,0,0
60_09_muscle,104.5,2020,09,60,muscle,0,590,130,59°31'W,50°05'S,4,219,226.89,2,0,0,0,51.85,0,0,0,0,0,0
60_10_muscle,108,2020,10,60,muscle,1,590,130,59°31'W,50°05'S,4,215.3,268.83,5,0,0,0,42.8,0,0,0,0,0,0
60_11_muscle,108.2,2020,11,60,muscle,0,590,130,59°31'W,50°05'S,4,235.1,277.38,2,0,0,0,0,0,0,0,0,0,0
60_12_muscle,105.1,2020,12,60,muscle,1,590,130,59°31'W,50°05'S,4,226.7,271.44,5,0,0,0,44.6,0,0,0,0,0,0
60_13_muscle,103.3,2020,13,60,muscle,1,590,130,59°31'W,50°05'S,4,236.5,293.22,5,0,0,0,10.85,0,0,0,0,0,0
60_14_muscle,110.4,2020,14,60,muscle,1,590,130,59°31'W,50°05'S,4,235.3,308.75,5,0,0,0,76.47,0,0,0,0,0,0
60_15_muscle,107.9,2020,15,60,muscle,0,590,130,59°31'W,50°05'S,4,245.7,346.14,3,0,0,0,29.78,0,0,0,0,0,0
65_01_muscle,109.9,2020,01,65,muscle,1,561,166,59°52'W,49°42'S,3,229.1,286.8,5,0,0,0,0,0,0,0,0,0,0
65_02_muscle,100.6,2020,02,65,muscle,0,561,166,59°52'W,49°42'S,3,235,259.86,3,0,0,0,83.52,0,0,0,0,0,0
65_03_muscle,100.5,2020,03,65,muscle,0,561,166,59°52'W,49°42'S,3,248.1,327.45,4,0,0,0,9.4,0,0,0,0,0,0
65_04_muscle,109.1,2020,04,65,muscle,0,561,166,59°52'W,49°42'S,3,248.6,341.04,3,0,0,0,49.73,0,0,0,0,0,0
65_05_muscle,113.4,2020,05,65,muscle,1,561,166,59°52'W,49°42'S,3,253.6,381.95,5,0,0,0,0,0,0,0,0,0,0
65_06_muscle,110.7,2020,06,65,muscle,1,561,166,59°52'W,49°42'S,3,222.4,263.52,5,0,0,0,8.69,0,0,0,0,0,0
65_07_muscle,105.8,2020,07,65,muscle,1,561,166,59°52'W,49°42'S,3,221.9,253.33,5,0,0,0,20.87,0,0,0,0,0,0
65_08_muscle,118.9,2020,08,65,muscle,0,561,166,59°52'W,49°42'S,3,223.1,255.04,3,0,0,0,41.9,0,0,0,0,0,0
65_09_muscle,113.7,2020,09,65,muscle,0,561,166,59°52'W,49°42'S,3,234.1,285.25,3,0,0,0,54.34,0,0,0,0,0,0
65_10_muscle,102.5,2020,10,65,muscle,1,561,166,59°52'W,49°42'S,3,236.5,345.59,5,0,0,0,0,0,0,0,0,0,0
65_11_muscle,103.3,2020,11,65,muscle,0,561,166,59°52'W,49°42'S,3,236.1,257.62,3,0,0,0,24.41,0,0,0,0,0,0
65_12_muscle,112.8,2020,12,65,muscle,0,561,166,59°52'W,49°42'S,3,235,272.61,3,0,0,0,55.34,0,0,0,0,0,0
65_13_muscle,108,2020,13,65,muscle,0,561,166,59°52'W,49°42'S,3,241.4,320.13,4,0,0,0,25.78,0,0,0,0,0,0
65_14_muscle,102.4,2020,14,65,muscle,1,561,166,59°52'W,49°42'S,3,237.4,316.7,5,0,0,0,59.17,0,0,0,0,0,0
65_15_muscle,98.9,2020,15,65,muscle,1,561,166,59°52'W,49°42'S,3,231.8,302.9,5,0,0,0,77.1,0,0,0,0,0,0
60_01_stomach,105.9,2020,01,60,stomach,0,590,130,59°31'W,50°05'S,4,227.3,233.03,3,1988.03,4.28,1862.88,153.47,96.91,0.29 BB,10.82,2.97 BB,0.03 BB,0.04
60_02_stomach,101.6,2020,02,60,stomach,0,590,130,59°31'W,50°05'S,4,239.3,336.23,3,3062.15,0.14,473.39,111.42,149.97,0.42 BB,8.92,1.52 BB,0.02 BLOQ,0.48 BB
60_03_stomach,104.8,2020,03,60,stomach,1,590,130,59°31'W,50°05'S,4,240.6,344.68,5,1888.78,1.81,1033.55,62.75,129.86,0.19 BB,5.25,0.49 BB,0.02 BLOQ,0.55 BB
60_04_stomach,105.4,2020,04,60,stomach,0,590,130,59°31'W,50°05'S,4,240.6,310.74,3,8075.88,9.2,1721.82,67.18,97.11,0.27 BB,16.88,3.11 BB,0.04 BB,0.03
60_05_stomach,107.6,2020,05,60,stomach,1,590,130,59°31'W,50°05'S,4,235.9,301.78,5,8205.9,4.25,979.91,140.63,93.43,0.3 BB,9.31,0.59 BB,0.05 BB,0.54 BB
60_06_stomach,108.9,2020,06,60,stomach,0,590,130,59°31'W,50°05'S,4,241.8,292.32,2,5934.25,3.19,344.16,116.23,107.59,0.32 BB,15.4,0.78 BB,0.03 BB,0.35 BB
60_07_stomach,113.2,2020,07,60,stomach,1,590,130,59°31'W,50°05'S,4,237.3,346.48,5,5249.58,6.43,1491.7,101.62,107.12,0.34 BB,16.14,1 BB,0.03 BB,0.38 BB
60_08_stomach,109.4,2020,08,60,stomach,1,590,130,59°31'W,50°05'S,4,223.4,259.5,5,4491.69,1.62,1512.71,158.67,105.74,0.14 BB,5.19,2.9 BB,0.05 BB,0.58 BB
60_09_stomach,100.8,2020,09,60,stomach,0,590,130,59°31'W,50°05'S,4,219,226.89,2,4769.54,8.24,743.87,104.05,106.29,0.3 BB,3.45,2.21 BB,0.05 BB,0.05
60_10_stomach,109.8,2020,10,60,stomach,1,590,130,59°31'W,50°05'S,4,215.3,268.83,5,1926.68,0.41,1362.94,91.97,150.52,0.19 BB,5.97,1.97 BB,0.04 BB,0.49 BB
60_11_stomach,105.2,2020,11,60,stomach,0,590,130,59°31'W,50°05'S,4,235.1,277.38,2,9417.49,7.2,1110.55,65.27,93.29,0.3 BB,12.06,1.21 BB,0.03 BB,0.38 BB
60_12_stomach,108.3,2020,12,60,stomach,1,590,130,59°31'W,50°05'S,4,226.7,271.44,5,8058.25,6.67,1476.2,149.02,121.62,0.36 BB,11.12,2.43 BB,0.04 BB,0.44 BB
60_13_stomach,110.2,2020,13,60,stomach,1,590,130,59°31'W,50°05'S,4,236.5,293.22,5,2163.22,4.89,1532.27,75.43,153.18,0.25 BB,11.63,2.33 BB,0.02 BB,0.53 BB
60_14_stomach,109.9,2020,14,60,stomach,1,590,130,59°31'W,50°05'S,4,235.3,308.75,5,9270.83,5.32,650.16,149.37,107.48,0.39 BB,11.11,2.14 BB,0.05 BB,0.53 BB
60_15_stomach,101.1,2020,15,60,stomach,0,590,130,59°31'W,50°05'S,4,245.7,346.14,3,8939.48,4.18,1502.39,40.47,119.83,0.31 BB,14.39,2.5 BB,0.05 BB,0.62 BB
65_01_stomach,106.8,2020,01,65,stomach,1,561,166,59°52'W,49°42'S,3,229.1,286.8,5,1978.8,6.13,1886.68,70.36,140.57,0.29 BB,16.05,2.98 BB,0.04 BB,0.47 BB
65_02_stomach,102.6,2020,02,65,stomach,0,561,166,59°52'W,49°42'S,3,235,259.86,3,7800.34,9.86,789.54,147.49,158.81,0.23 BB,5.76,3.09 BB,0.05 BB,0.05
65_03_stomach,102.6,2020,03,65,stomach,0,561,166,59°52'W,49°42'S,3,248.1,327.45,4,5383.02,7.2,868.19,124.46,114.31,0.23 BB,9.7,3.26 BB,0.03 BB,0.53 BB
65_04_stomach,101,2020,04,65,stomach,0,561,166,59°52'W,49°42'S,3,248.6,341.04,3,4764.46,4.36,1226.4,41.48,161.42,0.44 BB,14.57,2.44 BB,0.02 BLOQ,0.08
65_05_stomach,104.8,2020,05,65,stomach,1,561,166,59°52'W,49°42'S,3,253.6,381.95,5,5248.03,1.69,1746.58,168.12,133.05,0.15 BB,15.51,2.11 BB,0.04 BB,0.59 BB
65_06_stomach,95.1,2020,06,65,stomach,1,561,166,59°52'W,49°42'S,3,222.4,263.52,5,1923.64,4.01,506.55,44.03,138.35,0.35 BB,4.68,3.74 BB,0.02 BLOQ,0.01
65_07_stomach,101.5,2020,07,65,stomach,1,561,166,59°52'W,49°42'S,3,221.9,253.33,5,4701.7,9.38,236.89,121.64,148.88,0.3 BB,7.54,3.3 BB,0.04 BB,0.39 BB
65_08_stomach,115.2,2020,08,65,stomach,0,561,166,59°52'W,49°42'S,3,223.1,255.04,3,5667.51,1.74,1457.09,150.72,121.85,0.33 BB,8.73,2.83 BB,0.03 BB,0.42 BB
65_09_stomach,115.9,2020,09,65,stomach,0,561,166,59°52'W,49°42'S,3,234.1,285.25,3,2666.01,0,1200.85,22.29,114.28,0.31 BB,13.76,0.95 BB,0.04 BB,0.53 BB
65_10_stomach,100.8,2020,10,65,stomach,1,561,166,59°52'W,49°42'S,3,236.5,345.59,5,4275.29,9.85,1474.11,123.01,97.85,0.33 BB,10.14,1.92 BB,0.05 BB,0.38 BB
65_11_stomach,105.7,2020,11,65,stomach,0,561,166,59°52'W,49°42'S,3,236.1,257.62,3,4005.35,5.4,478.08,116.67,103.32,0.35 BB,9.14,2.67 BB,0.05 BB,0.04
65_12_stomach,110.9,2020,12,65,stomach,0,561,166,59°52'W,49°42'S,3,235,272.61,3,5840.04,6.58,1299.77,115.44,125.32,0.15 BB,4.79,0.71 BB,0.02 BLOQ,0.49 BB
65_13_stomach,100.6,2020,13,65,stomach,0,561,166,59°52'W,49°42'S,3,241.4,320.13,4,7214.03,1.87,1735.91,110.79,101.83,0.15 BB,12.09,2.89 BB,0.02 BLOQ,0.43 BB
65_14_stomach,115.6,2020,14,65,stomach,1,561,166,59°52'W,49°42'S,3,237.4,316.7,5,1508.51,8.14,195.47,116.68,108.52,0.15 BB,5.33,2.3 BB,0.04 BB,0.02
65_15_stomach,106.3,2020,15,65,stomach,1,561,166,59°52'W,49°42'S,3,231.8,302.9,5,2120.55,5.81,1609.24,167.89,96.51,0.32 BB,15.12,1.1 BB,0.05 BB,0.42 BB
60_01_inksac,51.7,2020,01,60,inksac,0,590,130,59°31'W,50°05'S,4,227.3,233.03,3,73.09,0,20.22,391.99,226.67,0.28 BB,86.04,0.29 BB,0,0.23
60_02_inksac,107,2020,02,60,inksac,0,590,130,59°31'W,50°05'S,4,239.3,336.23,3,72,0,9.59,170.4,82.12,0.23 BB,53.08,0.26 BB,0,0.54
60_04_inksac,100.5,2020,04,60,inksac,0,590,130,59°31'W,50°05'S,4,240.6,310.74,3,73.95,0,10.99,59.83,123.7,0.22 BB,46.33,0.21 BB,0,0.42 BB
60_05_inksac,50.2,2020,05,60,inksac,1,590,130,59°31'W,50°05'S,4,235.9,301.78,5,86.26,0,17.48,211.43,161.62,0.64 BB,46.17,0.45 BB,0,1.38
60_06_inksac,101.3,2020,06,60,inksac,0,590,130,59°31'W,50°05'S,4,241.8,292.32,2,42.62,0,5.85,147.18,129.04,0.2 BB,49.19,0.28 BB,0,0.58 BB
60_08_inksac,50.2,2020,08,60,inksac,1,590,130,59°31'W,50°05'S,4,223.4,259.5,5,265.75,0,16.44,169.46,100.57,0.43 BB,62.81,0.32 BB,0,0.92 BB
60_09_inksac,100.6,2020,09,60,inksac,0,590,130,59°31'W,50°05'S,4,219,226.89,2,67.15,0,11.33,146.13,129.77,0.2 BB,26.44,0.18 BB,0,0.04
60_11_inksac,109.9,2020,11,60,inksac,0,590,130,59°31'W,50°05'S,4,235.1,277.38,2,80.82,0,6.03,108.03,65.03,0.3 BB,22.08,0.24 BB,0,0.29 BB
60_12_inksac,102.3,2020,12,60,inksac,1,590,130,59°31'W,50°05'S,4,226.7,271.44,5,71.07,0,5.68,143.86,78.19,0.15 BB,36.37,0.26 BB,0,0.49
60_13_inksac,102.5,2020,13,60,inksac,1,590,130,59°31'W,50°05'S,4,236.5,293.22,5,98.96,0,2.74,135.86,118.55,0.37 BB,51.25,0.13 BB,0,0.22
60_14_inksac,106.6,2020,14,60,inksac,1,590,130,59°31'W,50°05'S,4,235.3,308.75,5,49.34,0,6.71,145.23,120.73,0.3 BB,53.46,0.27 BB,0,0.03
65_02_inksac,109,2020,02,65,inksac,0,561,166,59°52'W,49°42'S,3,235,259.86,3,70.49,0,5.1,197.78,114.33,0.33 BB,55.62,0.26 BB,0.01 BLOQ,0.02
65_03_inksac,102.5,2020,03,65,inksac,0,561,166,59°52'W,49°42'S,3,248.1,327.45,4,52.55,0,5,103.22,78.1,0.21 BB,43.07,0.12 BB,0,0.31
65_04_inksac,107.7,2020,04,65,inksac,0,561,166,59°52'W,49°42'S,3,248.6,341.04,3,80.86,0,7.95,119.91,51.41,0.31 BB,21.74,0.26 BB,0,0.05
65_06_inksac,103,2020,06,65,inksac,1,561,166,59°52'W,49°42'S,3,222.4,263.52,5,10.16,0,8.74,119.08,82.9,0.19 BB,52.33,0.19 BB,0,0.54
65_07_inksac,103.4,2020,07,65,inksac,1,561,166,59°52'W,49°42'S,3,221.9,253.33,5,80.77,0,0.49,215.45,72.69,0.28 BB,50.89,0.14 BB,0.01 BLOQ,0.08
65_09_inksac,101,2020,09,65,inksac,0,561,166,59°52'W,49°42'S,3,234.1,285.25,3,127.93,0,2.76,160.64,112.4,0.23 BB,43.71,0.14 BB,0,0.55 BB
65_10_inksac,104.7,2020,10,65,inksac,1,561,166,59°52'W,49°42'S,3,236.5,345.59,5,100,0,2.51,60.75,91.83,0.27 BB,53.77,0.15 BB,0 BLOQ,0.36
65_11_inksac,105.9,2020,11,65,inksac,0,561,166,59°52'W,49°42'S,3,236.1,257.62,3,13.64,0,7,210.63,117.66,0.14 BB,31.82,0.26 BB,0,0.35 BB
65_12_inksac,101.6,2020,12,65,inksac,0,561,166,59°52'W,49°42'S,3,235,272.61,3,11.27,0,10.29,91.62,41.33,0.32 BB,50.34,0.2 BB,0.01 BLOQ,0.64 BB
65_13_inksac,106.1,2020,13,65,inksac,0,561,166,59°52'W,49°42'S,3,241.4,320.13,4,119.85,0,2.76,203.6,49.38,0.15 BB,31.12,0.26 BB,0,0.06
65_15_inksac,101.6,2020,15,65,inksac,1,561,166,59°52'W,49°42'S,3,231.8,302.9,5,35.13,0,4.38,70.5,106.94,0.28 BB,43.39,0.22 BB,0,0.11
47_01_stomach,109.7,2021,01,47,stomach,1,544,181,49°33'S,59°59'W,6,288,646.2,5,8685.35,9.13,556.86,56.92,111.91,0.15 BB,6.16,0.96 BB,0.04 BB,0.55 BB
47_02_stomach,104.8,2021,02,47,stomach,1,544,181,49°33'S,59°59'W,6,254,444.5,5,2105.04,7.39,2019.88,142,96.36,0.27 BB,6.66,1.86 BB,0.03 BB,0.6 BB
47_03_stomach,106.1,2021,03,47,stomach,1,544,181,49°33'S,59°59'W,6,246,453.3,5,9088.06,5.32,1835.82,143.67,141.5,0.4 BB,8.66,0.95 BB,0.05 BB,0.48 BB
47_04_stomach,109.7,2021,04,47,stomach,0,544,181,49°33'S,59°59'W,6,310,875.8,3,230.47,3.35,2137.47,35.05,101.05,0.24 BB,13.93,3.09 BB,0.04 BB,0
47_05_stomach,109.1,2021,05,47,stomach,1,544,181,49°33'S,59°59'W,6,267,572.8,5,5213.28,8.11,335.24,47.25,116.38,0.28 BB,12.81,1.41 BB,0.05 BB,0.34 BB
47_06_stomach,108.6,2021,06,47,stomach,0,544,181,49°33'S,59°59'W,6,269,478.6,3,3233.66,1.01,1001,159.28,112.85,0.39 BB,4.85,3.16 BB,0.05 BB,0.35 BB
47_07_stomach,107,2021,07,47,stomach,1,544,181,49°33'S,59°59'W,6,250,439.4,5,3794.34,5.15,1499.36,57.66,150.25,0.35 BB,9.03,3.1 BB,0.05 BB,0.41 BB
47_08_stomach,109.3,2021,08,47,stomach,0,544,181,49°33'S,59°59'W,6,273,574.7,4,5562.2,6.3,1307.23,123.69,111.89,0.36 BB,10.07,2.69 BB,0.02 BB,0.36 BB
47_09_stomach,107,2021,09,47,stomach,0,544,181,49°33'S,59°59'W,6,273,671.6,4,3923.71,6.08,392.27,173.67,133.52,0.32 BB,8.14,1.51 BB,0.05 BB,0.56 BB
47_10_stomach,105.8,2021,10,47,stomach,0,544,181,49°33'S,59°59'W,6,276,512.9,3,6498.54,6.25,928.09,70.6,92.97,0.35 BB,15.09,2.62 BB,0.04 BB,0.45 BB
47_11_stomach,100.2,2021,11,47,stomach,0,544,181,49°33'S,59°59'W,6,310,754.1,4,992.66,0,746.16,116.87,92.56,0.24 BB,12.52,2.74 BB,0.05 BB,0.02
47_12_stomach,107.6,2021,12,47,stomach,1,544,181,49°33'S,59°59'W,6,241,404,4,4038.42,5.52,738.71,80.18,103.05,0.15 BB,2.17,1.66 BB,0.01 BLOQ,0.59 BB
47_13_stomach,107.2,2021,13,47,stomach,0,544,181,49°33'S,59°59'W,6,257,462.9,3,10375.07,0.13,1482.44,143.66,119.23,0.24 BB,17.2,2.4 BB,0.05 BB,0.3 BB
47_14_stomach,104.4,2021,14,47,stomach,1,544,181,49°33'S,59°59'W,6,257,445.3,4,9753.7,2.64,1722.33,120.71,100.11,0.28 BB,12.58,2.74 BB,0.05 BB,0.59 BB
47_15_stomach,100,2021,15,47,stomach,1,544,181,49°33'S,59°59'W,6,274.9,376.8,3,4579.31,2.77,732.72,91.09,168.53,0.21 BB,18.2,1.35 BB,0.05 BB,0.61 BB
49_01_stomach,107.3,2021,01,49,stomach,1,376,460,46°55'S,60°51'W,5,242.3,378.4,3,8817.78,5.55,652.71,125.32,132.06,0.36 BB,15.24,3.16 BB,0,0.55 BB
49_02_stomach,107.9,2021,02,49,stomach,0,376,460,46°55'S,60°51'W,5,261.54,463.9,3,8968.54,3.16,801.03,156.53,100.31,0.25 BB,13.47,3.41 BB,0.04 BB,0.5 BB
49_03_stomach,100.6,2021,03,49,stomach,0,376,460,46°55'S,60°51'W,5,308.12,807.5,3,3525.31,10.27,1383.66,119.89,146.92,0.14 BB,9.9,0.42 BB,0.02 BLOQ,0.37 BB
49_04_stomach,107,2021,04,49,stomach,1,376,460,46°55'S,60°51'W,5,289,529.7,5,489.8,4.93,935.68,167.77,147,0.15 BB,2.93,3.6 BB,0.01 BLOQ,0.6 BB
49_05_stomach,107.2,2021,05,49,stomach,0,376,460,46°55'S,60°51'W,5,260,468,3,5287.92,8.68,2062.38,88.1,146.76,0.42 BB,12.44,1.87 BB,0.03 BB,0.47 BB
49_06_stomach,106.1,2021,06,49,stomach,1,376,460,46°55'S,60°51'W,5,218,229.1,5,7499.16,0.14,1516.48,147.53,90.93,0.17 BB,1.84,3.54 BB,0,0.08
49_07_stomach,35.7,2021,07,49,stomach,1,376,460,46°55'S,60°51'W,5,183,108.6,1,4638.81,13.68,3325.41,503.71,347.45,0.76 BB,36.78,10.22 BB,0.03 BLOQ,0.88 BB
49_08_stomach,104.8,2021,08,49,stomach,0,376,460,46°55'S,60°51'W,5,206,158.3,2,3218.52,7.58,664.39,122.03,107.63,0.15 BB,3.83,1.47 BB,0.03 BB,0.33 BB
49_09_stomach,108.2,2021,09,49,stomach,0,376,460,46°55'S,60°51'W,5,219,186.2,2,3752.22,6.3,1126.55,79.08,129.67,0.18 BB,1.59,1.56 BB,0.02 BB,0
49_10_stomach,107.8,2021,10,49,stomach,1,376,460,46°55'S,60°51'W,5,197,140.3,2,1621.39,9.22,347.65,80.49,126.39,0.25 BB,15.83,2.07 BB,0.05 BB,0.57 BB
49_11_stomach,103.8,2021,11,49,stomach,0,376,460,46°55'S,60°51'W,5,186,107.6,1,10478.14,8.03,1317.25,124.49,94.75,0.28 BB,2.27,2.68 BB,0.01 BLOQ,0.33 BB
49_12_stomach,108.9,2021,12,49,stomach,0,376,460,46°55'S,60°51'W,5,192,151.7,1,8847.6,5.78,106.63,111.69,105.4,0.45 BB,17.22,2.35 BB,0.03 BB,0.08
49_13_stomach,107,2021,13,49,stomach,1,376,460,46°55'S,60°51'W,5,197,170.3,3,3693.67,7.01,946.25,141.01,121.06,0.17 BB,9.57,1.21 BB,0.03 BB,0.46 BB
49_14_stomach,103.9,2021,14,49,stomach,1,376,460,46°55'S,60°51'W,5,181,119.6,2,7797.24,6.79,1941.69,83.38,117.41,0.16 BB,15.8,2.83 BB,0.02 BLOQ,0.4 BB
49_15_stomach,106.3,2021,15,49,stomach,1,376,460,46°55'S,60°51'W,5,194,148.5,3,7421.06,5.06,45.68,86.67,101.41,0.21 BB,2.99,1.53 BB,0.03 BB,0.39 BB
47_01_inksac,102.4,2021,01,47,inksac,1,544,181,49°33'S,59°59'W,6,288,646.2,5,94.2,0,4.36,138.77,118.61,0.21 BB,57.38,0.29 BB,0,0.47 BB
47_02_inksac,101.2,2021,02,47,inksac,1,544,181,49°33'S,59°59'W,6,254,444.5,5,80.82,0,10.35,139.67,37.46,0.27 BB,25.75,0.17 BB,0,0.18
47_03_inksac,100.3,2021,03,47,inksac,1,544,181,49°33'S,59°59'W,6,246,453.3,5,25.8,0,9.42,173.52,129.89,0.18 BB,48.44,0.15 BB,0,0.59
47_04_inksac,106.3,2021,04,47,inksac,0,544,181,49°33'S,59°59'W,6,310,875.8,3,107.94,0,0.69,169.87,114.14,0.25 BB,52.67,0.14 BB,0,0.4
47_05_inksac,102.9,2021,05,47,inksac,1,544,181,49°33'S,59°59'W,6,267,572.8,5,128.62,0,8.96,173.64,97.03,0.29 BB,28.18,0.15 BB,0,0.37
47_06_inksac,102.3,2021,06,47,inksac,0,544,181,49°33'S,59°59'W,6,269,478.6,3,72.13,0,1.43,90.86,37.49,0.28 BB,43.51,0.17 BB,0,0.38
47_07_inksac,105.6,2021,07,47,inksac,1,544,181,49°33'S,59°59'W,6,250,439.4,5,107.41,0,0.98,102.16,89.96,0.13 BB,47.05,0.13 BB,0,0.44
47_08_inksac,104.6,2021,08,47,inksac,0,544,181,49°33'S,59°59'W,6,273,574.7,4,21.29,0,6.84,73.96,111.03,0.33 BB,55.94,0.22 BB,0,0.59 BB
47_09_inksac,108.2,2021,09,47,inksac,0,544,181,49°33'S,59°59'W,6,273,671.6,4,9.33,0,7.02,173.04,113.59,0.34 BB,47.4,0.11 BB,0,0.41 BB
47_10_inksac,108.8,2021,10,47,inksac,0,544,181,49°33'S,59°59'W,6,276,512.9,3,57.68,0,1.08,123.14,110.39,0.35 BB,27.33,0.17 BB,0,0.13
47_11_inksac,113.2,2021,11,47,inksac,0,544,181,49°33'S,59°59'W,6,310,754.1,4,108.95,0,5.74,186.12,103.69,0.15 BB,28.83,0.19 BB,0,0.54 BB
47_12_inksac,108.8,2021,12,47,inksac,1,544,181,49°33'S,59°59'W,6,241,404,4,77.69,0,3.64,193.81,93.53,0.17 BB,52.79,0.22 BB,0,0.02
47_13_inksac,105.9,2021,13,47,inksac,0,544,181,49°33'S,59°59'W,6,257,462.9,3,96.19,0,1.76,81.9,48.98,0.28 BB,54.95,0.24 BB,0,0.27
47_14_inksac,101.6,2021,14,47,inksac,1,544,181,49°33'S,59°59'W,6,257,445.3,4,134.82,0,6.3,99.37,120.71,0.16 BB,35.05,0.12 BB,0,0.1
47_15_inksac,104.8,2021,15,47,inksac,1,544,181,49°33'S,59°59'W,6,274.9,376.8,3,121.52,0,10,171.03,83.2,0.24 BB,54.43,0.18 BB,0,0.05
49_02_inksac,107.6,2021,02,49,inksac,0,376,460,46°55'S,60°51'W,5,261.54,463.9,3,54.49,0,2.86,157.09,72.49,0.3 BB,35.76,0.21 BB,0,0.42
49_03_inksac,108.9,2021,03,49,inksac,0,376,460,46°55'S,60°51'W,5,308.12,807.5,3,12.21,0,0.81,168.28,66.96,0.18 BB,26.84,0.22 BB,0,0.63
49_04_inksac,113.2,2021,04,49,inksac,1,376,460,46°55'S,60°51'W,5,289,529.7,5,97.7,0,2.95,98.34,33.14,0.34 BB,29.76,0.18 BB,0,0.61
49_05_inksac,109.4,2021,05,49,inksac,0,376,460,46°55'S,60°51'W,5,260,468,3,89.55,0,1.91,197.32,107.89,0.21 BB,52.29,0.27 BB,0,0.48 BB
49_06_inksac,100.8,2021,06,49,inksac,1,376,460,46°55'S,60°51'W,5,218,229.1,5,87.18,0,8.74,118.55,102.62,0.21 BB,40.18,0.26 BB,0.01 BLOQ,0.25
49_07_inksac,109.8,2021,07,49,inksac,1,376,460,46°55'S,60°51'W,5,183,108.6,1,76.23,0,1.91,161.19,48.91,0.35 BB,21.32,0.24 BB,0,0.2
49_08_inksac,105.2,2021,08,49,inksac,0,376,460,46°55'S,60°51'W,5,206,158.3,2,80.42,0,4.87,89.4,87.06,0.22 BB,34.34,0.14 BB,0,0.58
49_09_inksac,101,2021,09,49,inksac,0,376,460,46°55'S,60°51'W,5,219,186.2,2,57,0,7.17,103.49,120.71,0.29 BB,32.74,0.24 BB,0,0.37 BB
49_10_inksac,104.8,2021,10,49,inksac,1,376,460,46°55'S,60°51'W,5,197,140.3,2,20.01,0,11.25,133.21,114.22,0.15 BB,28.59,0.26 BB,0,0.38 BB
49_11_inksac,95.1,2021,11,49,inksac,0,376,460,46°55'S,60°51'W,5,186,107.6,1,93.61,0,8.13,99.89,41.55,0.38 BB,56.84,0.19 BB,0,0.03
49_12_inksac,101.5,2021,12,49,inksac,0,376,460,46°55'S,60°51'W,5,192,151.7,1,33.79,0,4.19,212.01,43.73,0.16 BB,56.99,0.21 BB,0,0.36
49_13_inksac,115.2,2021,13,49,inksac,1,376,460,46°55'S,60°51'W,5,197,170.3,3,37.2,0,3.99,175.66,72.9,0.26 BB,52.66,0.23 BB,0,0.07
49_14_inksac,115.9,2021,14,49,inksac,1,376,460,46°55'S,60°51'W,5,181,119.6,2,8.7,0,2.87,60.38,81.92,0.23 BB,48.81,0.11 BB,0,0.6
49_15_inksac,100.8,2021,15,49,inksac,1,376,460,46°55'S,60°51'W,5,194,148.5,3,81.19,0,7.05,169.64,64,0.26 BB,33.16,0.23 BB,0,0.58
47_01_liver,100.8,2021,01,47,liver,1,544,181,49°33'S,59°59'W,6,288,646.2,5,86.35,0.53,3.4,253.72,91.95,2.77 BB,282.98,2.8 BB,0.05,0.36
47_02_liver,103.2,2021,02,47,liver,1,544,181,49°33'S,59°59'W,6,254,444.5,5,118.8,0.61,2.99,366.79,158.3,2.51 BB,303.25,3.38 BB,0,0.36
47_03_liver,101.4,2021,03,47,liver,1,544,181,49°33'S,59°59'W,6,246,453.3,5,172,1.07,2.99,143.31,99.37,2.2 BB,206.26,2 BB,0.09 BB,0.36
47_04_liver,106.4,2021,04,47,liver,0,544,181,49°33'S,59°59'W,6,310,875.8,3,134.33,0.95,3.6,216.85,114.54,1.96 BB,290.8,2.98 BB,0.13 BB,0.28
47_05_liver,101.1,2021,05,47,liver,1,544,181,49°33'S,59°59'W,6,267,572.8,5,113.74,1.08,3.92,327.88,108.1,1.7 BB,256.59,3.57 BB,0.07,0.45
47_06_liver,100.4,2021,06,47,liver,0,544,181,49°33'S,59°59'W,6,269,478.6,3,115.31,0.84,4.34,176.82,189.31,2.45 BB,229.93,3.5 BB,0,0.48
47_07_liver,102.8,2021,07,47,liver,1,544,181,49°33'S,59°59'W,6,250,439.4,5,134.82,0.38,2.63,276.81,207.43,1.72 BB,235.28,1.74 BB,0.04 BB,0.32
47_08_liver,102.8,2021,08,47,liver,0,544,181,49°33'S,59°59'W,6,273,574.7,4,103.56,0.71,2.55,279.27,154.12,2.47 BB,309.72,2.42 BB,0.06,0.45
47_09_liver,103.9,2021,09,47,liver,0,544,181,49°33'S,59°59'W,6,273,671.6,4,96.85,1.04,3.36,242.22,189.85,1.65 BB,210.35,0.9 BB,0.09 BB,0.29
47_10_liver,100.5,2021,10,47,liver,0,544,181,49°33'S,59°59'W,6,276,512.9,3,142.52,0.85,3.53,296.29,169.22,2.03 BB,236.15,1.37 BB,0.06,0.42
47_11_liver,103.4,2021,11,47,liver,0,544,181,49°33'S,59°59'W,6,310,754.1,4,161.03,0.54,3.6,289.3,162.63,2.44 BB,240.47,1.22 BB,0.04,0.4
47_12_liver,104.4,2021,12,47,liver,1,544,181,49°33'S,59°59'W,6,241,404,4,121.89,0.89,4,370.8,155.23,1.8 BB,213.57,0.71 BB,0.11 BB,0.43
47_13_liver,105.2,2021,13,47,liver,0,544,181,49°33'S,59°59'W,6,257,462.9,3,158.83,0.76,3.49,171.18,198.34,2.33 BB,213.3,2.55 BB,0.01,0.45
47_14_liver,107.3,2021,14,47,liver,1,544,181,49°33'S,59°59'W,6,257,445.3,4,106.47,0.56,3.34,348.4,207.58,2.41 BB,291.17,0.37 BB,0.07 BB,0.37
47_15_liver,107.4,2021,15,47,liver,1,544,181,49°33'S,59°59'W,6,274.9,376.8,3,121.42,0.47,3.35,360.31,100.63,0.06,189.6,2.44 BB,0.14 BB,0.31
49_01_liver,105,2021,01,49,liver,1,376,460,46°55'S,60°51'W,5,242.3,378.4,3,101.98,1.05,2.95,244,198.14,2 BB,290.55,3.17 BB,0.09 BB,0.24
49_02_liver,109,2021,02,49,liver,0,376,460,46°55'S,60°51'W,5,261.54,463.9,3,158.96,0.83,2.24,222.97,176.61,2.47 BB,239.54,0.22 BB,0.08 BB,0.24
49_03_liver,107.7,2021,03,49,liver,0,376,460,46°55'S,60°51'W,5,308.12,807.5,3,131.99,0.91,3.66,183.57,111.68,2 BB,263.87,2 BB,0.13 BB,0.43
49_04_liver,105.9,2021,04,49,liver,1,376,460,46°55'S,60°51'W,5,289,529.7,5,141.48,0.61,3.53,305.64,142.28,1.76 BB,255.31,3.34 BB,0.11 BB,0.34
49_05_liver,109.4,2021,05,49,liver,0,376,460,46°55'S,60°51'W,5,260,468,3,101.81,0.63,2.73,183.03,98.99,1.88 BB,198.81,0.81 BB,0.1 BB,0.21
49_06_liver,102.1,2021,06,49,liver,1,376,460,46°55'S,60°51'W,5,218,229.1,5,134.28,0.8,3.41,322.26,186.15,2.54 BB,225.1,3.41 BB,0,0.45
49_07_liver,104.1,2021,07,49,liver,1,376,460,46°55'S,60°51'W,5,183,108.6,1,121.87,0.73,2.73,149.39,198.65,0.14,278.43,2.38 BB,0.09 BB,0.44
49_08_liver,103.5,2021,08,49,liver,0,376,460,46°55'S,60°51'W,5,206,158.3,2,79.25,0.37,2.89,399.13,117.85,1.66 BB,277,0.69 BB,0.1 BB,0.3
49_09_liver,102.5,2021,09,49,liver,0,376,460,46°55'S,60°51'W,5,219,186.2,2,154.34,0.91,4.21,342.76,212.98,2.29 BB,207.09,2.03 BB,0.04,0.26
49_10_liver,103.9,2021,10,49,liver,1,376,460,46°55'S,60°51'W,5,197,140.3,2,91.93,0.9,3.5,323.23,186.52,1.82 BB,267.13,2.21 BB,0.11 BB,0.34
49_11_liver,105.6,2021,11,49,liver,0,376,460,46°55'S,60°51'W,5,186,107.6,1,113.63,0.71,3.95,203.97,115.02,1.63 BB,237.72,0.3 BB,0.03 BB,0.42
49_12_liver,107.2,2021,12,49,liver,0,376,460,46°55'S,60°51'W,5,192,151.7,1,94.33,0.61,3.06,279.24,132.61,0.17,263.8,1.96 BB,0.07,0.38
49_13_liver,102.8,2021,13,49,liver,1,376,460,46°55'S,60°51'W,5,197,170.3,3,97.68,0.59,2.49,247.9,89.04,1.84 BB,217.9,2.08 BB,0.04 BB,0.38
49_14_liver,102,2021,14,49,liver,1,376,460,46°55'S,60°51'W,5,181,119.6,2,98.31,0.58,4.1,254.72,216.69,2.49 BB,230.1,2.06 BB,0.08,0.23
49_15_liver,104.2,2021,15,49,liver,1,376,460,46°55'S,60°51'W,5,194,148.5,3,128.07,0.58,2.44,279.45,191.78,2.19 BB,197.47,1.64 BB,0.11 BB,0.41
47_01_muscle,102.1,2021,01,47,muscle,1,544,181,49°33'S,59°59'W,6,288,646.2,5,15.01,0,0.63,51.67,60.72,0.08 BB,4.82,0.06 BLOQ,0.01 BLOQ,0.15
47_02_muscle,105,2021,02,47,muscle,1,544,181,49°33'S,59°59'W,6,254,444.5,5,20.12,0,0.7,96.29,48.55,0.07 BB,5.99,0.08 BLOQ,0.01 BLOQ,0.16
47_03_muscle,100.4,2021,03,47,muscle,1,544,181,49°33'S,59°59'W,6,246,453.3,5,7.64,0,0.71,16.62,57.86,0.18 BB,6.2,0.09 BLOQ,0.02 BLOQ,0.29
47_04_muscle,102.7,2021,04,47,muscle,0,544,181,49°33'S,59°59'W,6,310,875.8,3,23.15,0,0.89,68.78,40.8,0.08 BB,8.8,0.04 BLOQ,0.02 BLOQ,0.07
47_05_muscle,105.8,2021,05,47,muscle,1,544,181,49°33'S,59°59'W,6,267,572.8,5,7.81,0,0.83,29.45,41.77,0.16 BB,9.82,0.04 BLOQ,0.01 BLOQ,0.42
47_06_muscle,109.3,2021,06,47,muscle,0,544,181,49°33'S,59°59'W,6,269,478.6,3,19.36,0,1.4,92.68,69.53,0.05 BB,4.81,0.07 BLOQ,0.02 BLOQ,0.14
47_07_muscle,104.3,2021,07,47,muscle,1,544,181,49°33'S,59°59'W,6,250,439.4,5,21.81,0,1.66,46.63,66.68,0.1 BB,1.8,0.05 BLOQ,0.01 BLOQ,0.12
47_08_muscle,106.7,2021,08,47,muscle,0,544,181,49°33'S,59°59'W,6,273,574.7,4,20.13,0,1.04,10.17,65.29,0.07 BB,5.11,0.08 BLOQ,0.02 BLOQ,0.35
47_09_muscle,109.7,2021,09,47,muscle,0,544,181,49°33'S,59°59'W,6,273,671.6,4,21.03,0,1.38,47.26,55.33,0.11 BB,8.14,0.08 BLOQ,0.01 BLOQ,0.47
47_10_muscle,104.7,2021,10,47,muscle,0,544,181,49°33'S,59°59'W,6,276,512.9,3,22.17,0,1.39,30.67,76.58,0.15 BB,10.07,0.08 BLOQ,0.01 BLOQ,0.41
47_11_muscle,102.3,2021,11,47,muscle,0,544,181,49°33'S,59°59'W,6,310,754.1,4,5.22,0,1.58,41.63,66.56,0.08 BB,4.76,0.07 BLOQ,0.01 BLOQ,0.43
47_12_muscle,100.9,2021,12,47,muscle,1,544,181,49°33'S,59°59'W,6,241,404,4,29.16,0,1.45,89.41,61,0.1 BB,9.58,0.08 BLOQ,0,0.34
47_13_muscle,108.5,2021,13,47,muscle,0,544,181,49°33'S,59°59'W,6,257,462.9,3,3.35,0,1.05,55.58,62.97,0.13 BB,2.77,0.05 BLOQ,0,0.33
47_14_muscle,105,2021,14,47,muscle,1,544,181,49°33'S,59°59'W,6,257,445.3,4,20.17,0,1.41,85.02,38.16,0.1 BB,5.39,0.08 BLOQ,0.01 BLOQ,0.21
47_15_muscle,109.3,2021,15,47,muscle,1,544,181,49°33'S,59°59'W,6,274.9,376.8,3,19.42,0,1.16,93.96,74.15,0.18 BB,7.86,0.05 BLOQ,0.01 BLOQ,0.32
49_01_muscle,104.8,2021,01,49,muscle,1,376,460,46°55'S,60°51'W,5,242.3,378.4,3,14.26,0,0.72,89.38,67.04,0.16 BB,4.9,0.08 BLOQ,0.02 BLOQ,0.06
49_02_muscle,105.3,2021,02,49,muscle,0,376,460,46°55'S,60°51'W,5,261.54,463.9,3,10.2,0,1.53,55.19,53.33,0.06 BB,2.77,0.07 BLOQ,0.02 BLOQ,0.26
49_03_muscle,105.9,2021,03,49,muscle,0,376,460,46°55'S,60°51'W,5,308.12,807.5,3,22.79,0,1.43,68.14,65.93,0.07 BB,1.7,0.08 BLOQ,0.01 BLOQ,0.26
49_04_muscle,104.3,2021,04,49,muscle,1,376,460,46°55'S,60°51'W,5,289,529.7,5,15.15,0,1.06,68.52,37.03,0.11 BB,4.43,0.03 BLOQ,0.02 BLOQ,0.36
49_05_muscle,104.7,2021,05,49,muscle,0,376,460,46°55'S,60°51'W,5,260,468,3,20.29,0,1.7,67.94,48.47,0.08 BB,7.32,0.04 BLOQ,0.01 BLOQ,0.49
49_06_muscle,102.3,2021,06,49,muscle,1,376,460,46°55'S,60°51'W,5,218,229.1,5,16.9,0,0.53,27.15,47.44,0.17 BB,9.62,0.07 BLOQ,0,0.2
49_07_muscle,104.5,2021,07,49,muscle,1,376,460,46°55'S,60°51'W,5,183,108.6,1,22.08,0,1.97,23.19,68.25,0.09 BB,1.88,0.08 BLOQ,0.01 BLOQ,0.27
49_08_muscle,104.7,2021,08,49,muscle,0,376,460,46°55'S,60°51'W,5,206,158.3,2,27.41,0,0.87,95.21,42.97,0.15 BB,6.12,0,0.02 BLOQ,0.24
49_09_muscle,105.5,2021,09,49,muscle,0,376,460,46°55'S,60°51'W,5,219,186.2,2,24.27,0,0.58,62.22,41.75,0.16 BB,7.3,0.06 BLOQ,0.02 BLOQ,0.47
49_10_muscle,108.9,2021,10,49,muscle,1,376,460,46°55'S,60°51'W,5,197,140.3,2,13.6,0,1.65,23.57,56.49,0.07 BB,1.96,0.06 BLOQ,0.02 BLOQ,0.23
49_11_muscle,107.8,2021,11,49,muscle,0,376,460,46°55'S,60°51'W,5,186,107.6,1,23.97,0,1.49,74.32,58.86,0.08 BB,4.07,0,0.02 BLOQ,0.21
49_12_muscle,106.7,2021,12,49,muscle,0,376,460,46°55'S,60°51'W,5,192,151.7,1,15.95,0,0.5,95.4,61.43,0.11 BB,4.35,0.05 BLOQ,0.01 BLOQ,0.14
49_13_muscle,102.5,2021,13,49,muscle,1,376,460,46°55'S,60°51'W,5,197,170.3,3,15.66,0,0.72,17.66,42.08,0.09 BB,8.11,0.07 BLOQ,0.01 BLOQ,0.28
49_14_muscle,107.8,2021,14,49,muscle,1,376,460,46°55'S,60°51'W,5,181,119.6,2,21.37,0,1.32,33.34,70.01,0.04 BB,7.69,0.04 BLOQ,0.01 BLOQ,0.41
49_15_muscle,104.1,2021,15,49,muscle,1,376,460,46°55'S,60°51'W,5,194,148.5,3,26.93,0,1.03,29.58,40.16,0.17 BB,5.26,0.05 BLOQ,0.02 BLOQ,0.33